request_num,latency_ms
1,43.42222213745117
2,0.10585784912109375
3,0.05888938903808594
4,0.08535385131835938
5,0.06079673767089844
6,0.09417533874511719
7,0.10085105895996094
8,0.12826919555664062
9,0.11706352233886719
10,0.10514259338378906
11,0.10538101196289062
12,0.11801719665527344
13,0.1049041748046875
14,0.10538101196289062
15,0.10633468627929688
16,0.10585784912109375
17,0.10704994201660156
18,0.10633468627929688
19,0.1068115234375
20,0.10609626770019531
21,0.10466575622558594
22,0.12350082397460938
23,0.1049041748046875
24,0.10466575622558594
25,0.12350082397460938
26,0.10514259338378906
27,0.10442733764648438
28,0.10442733764648438
29,0.10561943054199219
30,0.10514259338378906
31,0.10561943054199219
32,0.12874603271484375
33,0.10752677917480469
34,0.10657310485839844
35,0.12254714965820312
36,0.10657310485839844
37,0.10395050048828125
38,0.11968612670898438
39,0.10752677917480469
40,0.10561943054199219
41,0.1049041748046875
42,0.10561943054199219
43,0.10752677917480469
44,0.10514259338378906
45,0.1049041748046875
46,0.10609626770019531
47,0.1049041748046875
48,0.10633468627929688
49,0.10585784912109375
50,0.10633468627929688
51,0.12183189392089844
52,0.10704994201660156
53,0.10728836059570312
54,0.10538101196289062
55,0.10609626770019531
56,0.10609626770019531
57,0.12826919555664062
58,0.10704994201660156
59,0.10085105895996094
60,0.1049041748046875
61,0.1266002655029297
62,0.10514259338378906
63,0.10466575622558594
64,0.10514259338378906
65,0.10609626770019531
66,0.10609626770019531
67,0.10561943054199219
68,0.10585784912109375
69,0.10538101196289062
70,0.10514259338378906
71,0.12326240539550781
72,0.10514259338378906
73,0.10514259338378906
74,0.12683868408203125
75,0.10371208190917969
76,0.10395050048828125
77,0.10585784912109375
78,0.10514259338378906
79,0.10418891906738281
80,0.10085105895996094
81,0.12445449829101562
82,0.1068115234375
83,0.1068115234375
84,0.12421607971191406
85,0.10657310485839844
86,0.10561943054199219
87,0.12183189392089844
88,0.10609626770019531
89,0.10538101196289062
90,0.12111663818359375
91,0.11205673217773438
92,0.1049041748046875
93,0.11396408081054688
94,0.102996826171875
95,0.10609626770019531
96,0.11205673217773438
97,0.13113021850585938
98,0.10657310485839844
99,0.1380443572998047
100,0.12612342834472656
101,0.10800361633300781
102,0.10609626770019531
103,0.10609626770019531
104,0.10585784912109375
105,0.11420249938964844
106,0.118255615234375
107,0.12302398681640625
108,0.12183189392089844
109,0.11897087097167969
110,0.13256072998046875
111,0.14352798461914062
112,0.09107589721679688
113,0.13375282287597656
114,0.11992454528808594
115,0.11539459228515625
116,0.13780593872070312
117,0.1201629638671875
118,0.15926361083984375
119,0.14710426330566406
120,0.11038780212402344
121,0.10514259338378906
122,0.12612342834472656
123,0.11968612670898438
124,0.10418891906738281
125,0.10538101196289062
126,0.110626220703125
127,0.10752677917480469
128,0.10776519775390625
129,0.10919570922851562
130,0.1125335693359375
131,0.10967254638671875
132,0.11348724365234375
133,0.11229515075683594
134,0.11491775512695312
135,0.13113021850585938
136,0.11086463928222656
137,0.08177757263183594
138,0.07653236389160156
139,0.08106231689453125
140,0.12111663818359375
141,0.06914138793945312
142,0.09608268737792969
143,0.11086463928222656
144,0.11134147644042969
145,0.11086463928222656
146,0.10538101196289062
147,0.12183189392089844
148,0.11110305786132812
149,0.11038780212402344
150,0.1468658447265625
151,0.11348724365234375
152,0.11038780212402344
153,0.11277198791503906
154,0.10967254638671875
155,0.1125335693359375
156,0.10943412780761719
157,0.10991096496582031
158,0.10657310485839844
159,0.1087188720703125
160,0.11301040649414062
161,0.10824203491210938
162,0.11658668518066406
163,0.1251697540283203
164,0.10013580322265625
165,0.10347366333007812
166,0.10418891906738281
167,0.10085105895996094
168,0.10204315185546875
169,0.10395050048828125
170,0.10442733764648438
171,0.10418891906738281
172,0.1087188720703125
173,0.110626220703125
174,0.10585784912109375
175,0.10633468627929688
176,0.1327991485595703
177,0.110626220703125
178,0.10895729064941406
179,0.13113021850585938
180,0.10919570922851562
181,0.10752677917480469
182,0.10943412780761719
183,0.10776519775390625
184,0.10967254638671875
185,0.125885009765625
186,0.11110305786132812
187,0.1087188720703125
188,0.10704994201660156
189,0.133514404296875
190,0.10943412780761719
191,0.10585784912109375
192,0.10704994201660156
193,0.1087188720703125
194,0.10704994201660156
195,0.1266002655029297
196,0.1068115234375
197,0.11539459228515625
198,0.1361370086669922
199,0.11301040649414062
200,0.10776519775390625
201,0.13971328735351562
202,0.10919570922851562
203,0.1068115234375
204,0.10704994201660156
205,0.10800361633300781
206,0.10704994201660156
207,0.1087188720703125
208,0.10609626770019531
209,0.10704994201660156
210,0.10752677917480469
211,0.1442432403564453
212,0.10895729064941406
213,0.10657310485839844
214,0.1354217529296875
215,0.10776519775390625
216,0.110626220703125
217,0.13518333435058594
218,0.1068115234375
219,0.10895729064941406
220,0.13136863708496094
221,0.10800361633300781
222,0.10633468627929688
223,0.07653236389160156
224,0.12111663818359375
225,0.11205673217773438
226,0.1163482666015625
227,0.11277198791503906
228,0.10848045349121094
229,0.10514259338378906
230,0.1251697540283203
231,0.10609626770019531
232,0.10633468627929688
233,0.1251697540283203
234,0.10538101196289062
235,0.1049041748046875
236,0.10514259338378906
237,0.10585784912109375
238,0.11229515075683594
239,0.10824203491210938
240,0.10609626770019531
241,0.10538101196289062
242,0.102996826171875
243,0.1049041748046875
244,0.10395050048828125
245,0.10347366333007812
246,0.12302398681640625
247,0.10657310485839844
248,0.10585784912109375
249,0.12254714965820312
250,0.10561943054199219
251,0.10371208190917969
252,0.10538101196289062
253,0.10538101196289062
254,0.10418891906738281
255,0.10371208190917969
256,0.12540817260742188
257,0.10561943054199219
258,0.10323524475097656
259,0.1201629638671875
260,0.10466575622558594
261,0.10538101196289062
262,0.1049041748046875
263,0.10418891906738281
264,0.10704994201660156
265,0.10657310485839844
266,0.10514259338378906
267,0.10585784912109375
268,0.10466575622558594
269,0.10466575622558594
270,0.10466575622558594
271,0.10418891906738281
272,0.12302398681640625
273,0.10395050048828125
274,0.10466575622558594
275,0.11944770812988281
276,0.10371208190917969
277,0.1049041748046875
278,0.11944770812988281
279,0.10395050048828125
280,0.10442733764648438
281,0.10633468627929688
282,0.10561943054199219
283,0.10585784912109375
284,0.10538101196289062
285,0.10585784912109375
286,0.1049041748046875
287,0.10418891906738281
288,0.10442733764648438
289,0.1049041748046875
290,0.10561943054199219
291,0.1251697540283203
292,0.10442733764648438
293,0.10561943054199219
294,0.11968612670898438
295,0.10442733764648438
296,0.10371208190917969
297,0.12230873107910156
298,0.10538101196289062
299,0.10514259338378906
300,0.10514259338378906
301,0.1049041748046875
302,0.10609626770019531
303,0.10633468627929688
304,0.10442733764648438
305,0.10538101196289062
306,0.10442733764648438
307,0.12969970703125
308,0.10466575622558594
309,0.10466575622558594
310,0.1201629638671875
311,0.10633468627929688
312,0.10395050048828125
313,0.11920928955078125
314,0.10418891906738281
315,0.10418891906738281
316,0.12874603271484375
317,0.10824203491210938
318,0.10657310485839844
319,0.10561943054199219
320,0.10514259338378906
321,0.10466575622558594
322,0.10466575622558594
323,0.10442733764648438
324,0.11467933654785156
325,0.11301040649414062
326,0.10919570922851562
327,0.10585784912109375
328,0.10728836059570312
329,0.12230873107910156
330,0.1049041748046875
331,0.10442733764648438
332,0.12040138244628906
333,0.10657310485839844
334,0.10395050048828125
335,0.1049041748046875
336,0.10609626770019531
337,0.1049041748046875
338,0.12564659118652344
339,0.10466575622558594
340,0.10013580322265625
341,0.10609626770019531
342,0.10275840759277344
343,0.10395050048828125
344,0.10466575622558594
345,0.10561943054199219
346,0.10347366333007812
347,0.11420249938964844
348,0.10704994201660156
349,0.10776519775390625
350,0.10776519775390625
351,0.10919570922851562
352,0.14257431030273438
353,0.11539459228515625
354,0.10919570922851562
355,0.10728836059570312
356,0.10538101196289062
357,0.10561943054199219
358,0.13399124145507812
359,0.12111663818359375
360,0.11348724365234375
361,0.08273124694824219
362,0.12326240539550781
363,0.10895729064941406
364,0.10514259338378906
365,0.10514259338378906
366,0.10585784912109375
367,0.10609626770019531
368,0.10514259338378906
369,0.10633468627929688
370,0.10538101196289062
371,0.1354217529296875
372,0.10704994201660156
373,0.1049041748046875
374,0.1239776611328125
375,0.10609626770019531
376,0.10538101196289062
377,0.10323524475097656
378,0.10466575622558594
379,0.1068115234375
380,0.10538101196289062
381,0.10395050048828125
382,0.10585784912109375
383,0.10585784912109375
384,0.10633468627929688
385,0.10657310485839844
386,0.10657310485839844
387,0.125885009765625
388,0.10514259338378906
389,0.1068115234375
390,0.12040138244628906
391,0.10514259338378906
392,0.1068115234375
393,0.10633468627929688
394,0.10395050048828125
395,0.10561943054199219
396,0.10609626770019531
397,0.10371208190917969
398,0.10371208190917969
399,0.1068115234375
400,0.10561943054199219
401,0.10585784912109375
402,0.10657310485839844
403,0.12874603271484375
404,0.10561943054199219
405,0.10561943054199219
406,0.12159347534179688
407,0.10442733764648438
408,0.10538101196289062
409,0.10514259338378906
410,0.10514259338378906
411,0.10442733764648438
412,0.10514259338378906
413,0.10442733764648438
414,0.1068115234375
415,0.10633468627929688
416,0.10514259338378906
417,0.10585784912109375
418,0.10538101196289062
419,0.12111663818359375
420,0.10633468627929688
421,0.1049041748046875
422,0.12302398681640625
423,0.10466575622558594
424,0.10538101196289062
425,0.10466575622558594
426,0.1049041748046875
427,0.10347366333007812
428,0.10347366333007812
429,0.10418891906738281
430,0.10585784912109375
431,0.1068115234375
432,0.10538101196289062
433,0.10585784912109375
434,0.10442733764648438
435,0.10538101196289062
436,0.10585784912109375
437,0.10585784912109375
438,0.12111663818359375
439,0.1049041748046875
440,0.10561943054199219
441,0.10538101196289062
442,0.10514259338378906
443,0.10418891906738281
444,0.12326240539550781
445,0.1068115234375
446,0.10800361633300781
447,0.08845329284667969
448,0.11038780212402344
449,0.10776519775390625
450,0.10752677917480469
451,0.11277198791503906
452,0.11038780212402344
453,0.10752677917480469
454,0.12826919555664062
455,0.1068115234375
456,0.10776519775390625
457,0.10156631469726562
458,0.10728836059570312
459,0.07987022399902344
460,0.1125335693359375
461,0.12493133544921875
462,0.10561943054199219
463,0.11157989501953125
464,0.11205673217773438
465,0.11849403381347656
466,0.10824203491210938
467,0.10776519775390625
468,0.11014938354492188
469,0.10943412780761719
470,0.10800361633300781
471,0.10752677917480469
472,0.10728836059570312
473,0.10514259338378906
474,0.12421607971191406
475,0.10728836059570312
476,0.10633468627929688
477,0.10776519775390625
478,0.14066696166992188
479,0.10728836059570312
480,0.10561943054199219
481,0.1087188720703125
482,0.10824203491210938
483,0.10728836059570312
484,0.10776519775390625
485,0.110626220703125
486,0.10800361633300781
487,0.13375282287597656
488,0.10514259338378906
489,0.10848045349121094
490,0.10657310485839844
491,0.10728836059570312
492,0.10585784912109375
493,0.10633468627929688
494,0.10561943054199219
495,0.10728836059570312
496,0.10704994201660156
497,0.1385211944580078
498,0.10561943054199219
499,0.10728836059570312
500,0.1327991485595703
501,0.10776519775390625
502,0.11134147644042969
503,0.1385211944580078
504,0.10895729064941406
505,0.10657310485839844
506,0.10752677917480469
507,0.10514259338378906
508,0.10538101196289062
509,0.1068115234375
510,0.10824203491210938
511,0.10657310485839844
512,0.10514259338378906
513,0.10633468627929688
514,0.10800361633300781
515,0.10752677917480469
516,0.10800361633300781
517,0.10752677917480469
518,0.10704994201660156
519,0.10657310485839844
520,0.11515617370605469
521,0.1087188720703125
522,0.1373291015625
523,0.1163482666015625
524,0.11444091796875
525,0.13589859008789062
526,0.11587142944335938
527,0.10895729064941406
528,0.10824203491210938
529,0.110626220703125
530,0.110626220703125
531,0.10824203491210938
532,0.10800361633300781
533,0.10657310485839844
534,0.10633468627929688
535,0.10633468627929688
536,0.10728836059570312
537,0.10704994201660156
538,0.10657310485839844
539,0.14519691467285156
540,0.12469291687011719
541,0.11515617370605469
542,0.11420249938964844
543,0.10633468627929688
544,0.1068115234375
545,0.12326240539550781
546,0.10585784912109375
547,0.1347064971923828
548,0.10633468627929688
549,0.1049041748046875
550,0.10585784912109375
551,0.10561943054199219
552,0.10609626770019531
553,0.10561943054199219
554,0.10538101196289062
555,0.1049041748046875
556,0.10561943054199219
557,0.15091896057128906
558,0.1380443572998047
559,0.10657310485839844
560,0.13113021850585938
561,0.10585784912109375
562,0.10633468627929688
563,0.13136863708496094
564,0.10609626770019531
565,0.10538101196289062
566,0.13136863708496094
567,0.10704994201660156
568,0.10728836059570312
569,0.13136863708496094
570,0.10633468627929688
571,0.10609626770019531
572,0.1316070556640625
573,0.10704994201660156
574,0.10776519775390625
575,0.10538101196289062
576,0.10538101196289062
577,0.10633468627929688
578,0.10442733764648438
579,0.12731552124023438
580,0.10991096496582031
581,0.11014938354492188
582,0.10824203491210938
583,0.1087188720703125
584,0.10943412780761719
585,0.10585784912109375
586,0.10704994201660156
587,0.10848045349121094
588,0.10514259338378906
589,0.10657310485839844
590,0.10561943054199219
591,0.10585784912109375
592,0.10585784912109375
593,0.10776519775390625
594,0.10752677917480469
595,0.10442733764648438
596,0.10848045349121094
597,0.10561943054199219
598,0.10657310485839844
599,0.1049041748046875
600,0.10704994201660156
601,0.1068115234375
602,0.10657310485839844
603,0.11086463928222656
604,0.1239776611328125
605,0.118255615234375
606,0.11920928955078125
607,0.13208389282226562
608,0.11944770812988281
609,0.09989738464355469
610,0.08630752563476562
611,0.1323223114013672
612,0.11444091796875
613,0.11444091796875
614,0.14162063598632812
615,0.13256072998046875
616,0.12111663818359375
617,0.13136863708496094
618,0.10919570922851562
619,0.10657310485839844
620,0.0972747802734375
621,0.11992454528808594
622,0.1201629638671875
623,0.12302398681640625
624,0.07605552673339844
625,0.13208389282226562
626,0.118255615234375
627,0.10585784912109375
628,0.1518726348876953
629,0.11515617370605469
630,0.10919570922851562
631,0.11086463928222656
632,0.1125335693359375
633,0.11324882507324219
634,0.10967254638671875
635,0.13208389282226562
636,0.11014938354492188
637,0.10657310485839844
638,0.10943412780761719
639,0.10752677917480469
640,0.10895729064941406
641,0.1468658447265625
642,0.11014938354492188
643,0.10657310485839844
644,0.14019012451171875
645,0.1087188720703125
646,0.11014938354492188
647,0.1239776611328125
648,0.10514259338378906
649,0.10609626770019531
650,0.1068115234375
651,0.10704994201660156
652,0.10848045349121094
653,0.10728836059570312
654,0.141143798828125
655,0.1087188720703125
656,0.10561943054199219
657,0.13256072998046875
658,0.10848045349121094
659,0.10561943054199219
660,0.12159347534179688
661,0.11467933654785156
662,0.10347366333007812
663,0.09894371032714844
664,0.1266002655029297
665,0.10013580322265625
666,0.1251697540283203
667,0.12326240539550781
668,0.12278556823730469
669,0.12087821960449219
670,0.12636184692382812
671,0.12636184692382812
672,0.11682510375976562
673,0.1277923583984375
674,0.10752677917480469
675,0.09226799011230469
676,0.09751319885253906
677,0.09965896606445312
678,0.08940696716308594
679,0.08368492126464844
680,0.080108642578125
681,0.08225440979003906
682,0.08273124694824219
683,0.07319450378417969
684,0.07700920104980469
685,0.08249282836914062
686,0.07677078247070312
687,0.10824203491210938
688,0.07295608520507812
689,0.06842613220214844
690,0.07152557373046875
691,0.05888938903808594
692,0.09679794311523438
693,0.041961669921875
694,0.08225440979003906
695,0.09799003601074219
696,0.05888938903808594
697,0.09822845458984375
698,0.09846687316894531
699,0.095367431640625
700,0.12755393981933594
701,0.10371208190917969
702,0.10919570922851562
703,0.10275840759277344
704,0.10561943054199219
705,0.10657310485839844
706,0.10275840759277344
707,0.10609626770019531
708,0.11396408081054688
709,0.0858306884765625
710,0.07224082946777344
711,0.15878677368164062
712,0.11563301086425781
713,0.10848045349121094
714,0.06747245788574219
715,0.10323524475097656
716,0.10514259338378906
717,0.10538101196289062
718,0.10609626770019531
719,0.10442733764648438
720,0.10561943054199219
721,0.07724761962890625
722,0.10132789611816406
723,0.12278556823730469
724,0.07295608520507812
725,0.10633468627929688
726,0.13017654418945312
727,0.11110305786132812
728,0.10776519775390625
729,0.12421607971191406
730,0.10704994201660156
731,0.1049041748046875
732,0.12612342834472656
733,0.10538101196289062
734,0.10538101196289062
735,0.12373924255371094
736,0.1068115234375
737,0.10466575622558594
738,0.1049041748046875
739,0.10514259338378906
740,0.10561943054199219
741,0.10561943054199219
742,0.10657310485839844
743,0.10514259338378906
744,0.10633468627929688
745,0.10561943054199219
746,0.10633468627929688
747,0.10561943054199219
748,0.10418891906738281
749,0.10418891906738281
750,0.10752677917480469
751,0.10538101196289062
752,0.1049041748046875
753,0.10609626770019531
754,0.10633468627929688
755,0.11014938354492188
756,0.10848045349121094
757,0.10371208190917969
758,0.10657310485839844
759,0.10561943054199219
760,0.12278556823730469
761,0.10514259338378906
762,0.10538101196289062
763,0.12302398681640625
764,0.10538101196289062
765,0.1049041748046875
766,0.12135505676269531
767,0.10466575622558594
768,0.10657310485839844
769,0.12731552124023438
770,0.10466575622558594
771,0.10538101196289062
772,0.10538101196289062
773,0.10466575622558594
774,0.10609626770019531
775,0.10657310485839844
776,0.10585784912109375
777,0.10609626770019531
778,0.10633468627929688
779,0.10466575622558594
780,0.10752677917480469
781,0.10561943054199219
782,0.10371208190917969
783,0.10418891906738281
784,0.10466575622558594
785,0.10466575622558594
786,0.10514259338378906
787,0.10585784912109375
788,0.12683868408203125
789,0.10514259338378906
790,0.10704994201660156
791,0.12469291687011719
792,0.10514259338378906
793,0.10657310485839844
794,0.12350082397460938
795,0.10609626770019531
796,0.10466575622558594
797,0.10466575622558594
798,0.10609626770019531
799,0.10538101196289062
800,0.1049041748046875
801,0.10514259338378906
802,0.10561943054199219
803,0.1049041748046875
804,0.10466575622558594
805,0.1049041748046875
806,0.10442733764648438
807,0.10538101196289062
808,0.10633468627929688
809,0.11348724365234375
810,0.11754035949707031
811,0.10919570922851562
812,0.10418891906738281
813,0.1270771026611328
814,0.10442733764648438
815,0.10466575622558594
816,0.10466575622558594
817,0.10442733764648438
818,0.10538101196289062
819,0.10466575622558594
820,0.10514259338378906
821,0.10657310485839844
822,0.10609626770019531
823,0.10514259338378906
824,0.10657310485839844
825,0.10514259338378906
826,0.10633468627929688
827,0.10442733764648438
828,0.10514259338378906
829,0.10442733764648438
830,0.10514259338378906
831,0.10395050048828125
832,0.11944770812988281
833,0.102996826171875
834,0.1049041748046875
835,0.13899803161621094
836,0.10704994201660156
837,0.1049041748046875
838,0.13065338134765625
839,0.10514259338378906
840,0.10800361633300781
841,0.13327598571777344
842,0.10561943054199219
843,0.11301040649414062
844,0.087738037109375
845,0.11563301086425781
846,0.08106231689453125
847,0.11229515075683594
848,0.10967254638671875
849,0.12230873107910156
850,0.1049041748046875
851,0.10514259338378906
852,0.10633468627929688
853,0.10514259338378906
854,0.10585784912109375
855,0.10752677917480469
856,0.10633468627929688
857,0.10848045349121094
858,0.10657310485839844
859,0.10633468627929688
860,0.10800361633300781
861,0.11801719665527344
862,0.10609626770019531
863,0.10609626770019531
864,0.12826919555664062
865,0.10514259338378906
866,0.10585784912109375
867,0.1277923583984375
868,0.10561943054199219
869,0.10585784912109375
870,0.1392364501953125
871,0.10967254638671875
872,0.10275840759277344
873,0.10704994201660156
874,0.10776519775390625
875,0.10728836059570312
876,0.10704994201660156
877,0.1068115234375
878,0.10848045349121094
879,0.10514259338378906
880,0.10776519775390625
881,0.10538101196289062
882,0.10633468627929688
883,0.13017654418945312
884,0.10514259338378906
885,0.10776519775390625
886,0.12969970703125
887,0.10895729064941406
888,0.10657310485839844
889,0.13065338134765625
890,0.10538101196289062
891,0.10585784912109375
892,0.13828277587890625
893,0.10418891906738281
894,0.10824203491210938
895,0.10895729064941406
896,0.10633468627929688
897,0.10609626770019531
898,0.102996826171875
899,0.10609626770019531
900,0.10442733764648438
901,0.10085105895996094
902,0.10585784912109375
903,0.10323524475097656
904,0.10538101196289062
905,0.10371208190917969
906,0.10704994201660156
907,0.10657310485839844
908,0.10752677917480469
909,0.10800361633300781
910,0.10895729064941406
911,0.110626220703125
912,0.10609626770019531
913,0.10704994201660156
914,0.1049041748046875
915,0.10514259338378906
916,0.1068115234375
917,0.10561943054199219
918,0.10371208190917969
919,0.10609626770019531
920,0.10561943054199219
921,0.10704994201660156
922,0.13518333435058594
923,0.10728836059570312
924,0.10824203491210938
925,0.13136863708496094
926,0.10728836059570312
927,0.10728836059570312
928,0.11420249938964844
929,0.10585784912109375
930,0.10514259338378906
931,0.10395050048828125
932,0.10371208190917969
933,0.10371208190917969
934,0.10418891906738281
935,0.102996826171875
936,0.10323524475097656
937,0.10371208190917969
938,0.10347366333007812
939,0.10371208190917969
940,0.10371208190917969
941,0.12445449829101562
942,0.10514259338378906
943,0.10585784912109375
944,0.12326240539550781
945,0.11181831359863281
946,0.1087188720703125
947,0.12135505676269531
948,0.10442733764648438
949,0.10395050048828125
950,0.12302398681640625
951,0.102996826171875
952,0.10609626770019531
953,0.10418891906738281
954,0.1049041748046875
955,0.10323524475097656
956,0.10442733764648438
957,0.10395050048828125
958,0.10538101196289062
959,0.1049041748046875
960,0.10466575622558594
961,0.10418891906738281
962,0.10514259338378906
963,0.10538101196289062
964,0.10371208190917969
965,0.102996826171875
966,0.10371208190917969
967,0.10371208190917969
968,0.10323524475097656
969,0.10323524475097656
970,0.10347366333007812
971,0.10395050048828125
972,0.12040138244628906
973,0.1049041748046875
974,0.11968612670898438
975,0.12421607971191406
976,0.10585784912109375
977,0.1049041748046875
978,0.12183189392089844
979,0.10728836059570312
980,0.10538101196289062
981,0.12326240539550781
982,0.10561943054199219
983,0.10538101196289062
984,0.10442733764648438
985,0.10418891906738281
986,0.10442733764648438
987,0.10395050048828125
988,0.10466575622558594
989,0.10442733764648438
990,0.10633468627929688
991,0.10538101196289062
992,0.10633468627929688
993,0.10609626770019531
994,0.10633468627929688
995,0.10633468627929688
996,0.10395050048828125
997,0.10395050048828125
998,0.10418891906738281
999,0.10466575622558594
1000,0.1049041748046875
1001,0.10347366333007812
1002,0.10371208190917969
1003,0.10514259338378906
1004,0.10466575622558594
1005,0.10585784912109375
1006,0.10728836059570312
1007,0.10514259338378906
1008,0.10609626770019531
1009,0.12731552124023438
1010,0.10585784912109375
1011,0.10561943054199219
1012,0.12111663818359375
1013,0.10538101196289062
1014,0.1049041748046875
1015,0.1220703125
1016,0.10418891906738281
1017,0.10442733764648438
1018,0.10418891906738281
1019,0.102996826171875
1020,0.10418891906738281
1021,0.10442733764648438
1022,0.1049041748046875
1023,0.10633468627929688
1024,0.10943412780761719
1025,0.10514259338378906
1026,0.10561943054199219
1027,0.10609626770019531
1028,0.10561943054199219
1029,0.10466575622558594
1030,0.10895729064941406
1031,0.10848045349121094
1032,0.11348724365234375
1033,0.10800361633300781
1034,0.1308917999267578
1035,0.10609626770019531
1036,0.10609626770019531
1037,0.13017654418945312
1038,0.10538101196289062
1039,0.10609626770019531
1040,0.10704994201660156
1041,0.1087188720703125
1042,0.10824203491210938
1043,0.10824203491210938
1044,0.10824203491210938
1045,0.10800361633300781
1046,0.10728836059570312
1047,0.11348724365234375
1048,0.10943412780761719
1049,0.10609626770019531
1050,0.10728836059570312
1051,0.10609626770019531
1052,0.13256072998046875
1053,0.10585784912109375
1054,0.10585784912109375
1055,0.1068115234375
1056,0.1347064971923828
1057,0.10585784912109375
1058,0.10800361633300781
1059,0.13017654418945312
1060,0.10776519775390625
1061,0.10704994201660156
1062,0.13399124145507812
1063,0.10704994201660156
1064,0.10633468627929688
1065,0.12135505676269531
1066,0.1068115234375
1067,0.10848045349121094
1068,0.10728836059570312
1069,0.10585784912109375
1070,0.10609626770019531
1071,0.10633468627929688
1072,0.10633468627929688
1073,0.10633468627929688
1074,0.10657310485839844
1075,0.10609626770019531
1076,0.10728836059570312
1077,0.10776519775390625
1078,0.10824203491210938
1079,0.10848045349121094
1080,0.10704994201660156
1081,0.10800361633300781
1082,0.10704994201660156
1083,0.10752677917480469
1084,0.12969970703125
1085,0.10752677917480469
1086,0.10633468627929688
1087,0.1323223114013672
1088,0.1068115234375
1089,0.10323524475097656
1090,0.10633468627929688
1091,0.10633468627929688
1092,0.10657310485839844
1093,0.10800361633300781
1094,0.10704994201660156
1095,0.10776519775390625
1096,0.10704994201660156
1097,0.1323223114013672
1098,0.10776519775390625
1099,0.11444091796875
1100,0.10967254638671875
1101,0.1087188720703125
1102,0.10657310485839844
1103,0.1277923583984375
1104,0.10514259338378906
1105,0.11944770812988281
1106,0.12230873107910156
1107,0.08630752563476562
1108,0.08130073547363281
1109,0.1289844512939453
1110,0.06389617919921875
1111,0.10752677917480469
1112,0.10466575622558594
1113,0.1068115234375
1114,0.12326240539550781
1115,0.10442733764648438
1116,0.1049041748046875
1117,0.10538101196289062
1118,0.10561943054199219
1119,0.10538101196289062
1120,0.10442733764648438
1121,0.10657310485839844
1122,0.102996826171875
1123,0.10466575622558594
1124,0.1239776611328125
1125,0.1049041748046875
1126,0.10561943054199219
1127,0.1270771026611328
1128,0.10585784912109375
1129,0.10561943054199219
1130,0.12159347534179688
1131,0.10657310485839844
1132,0.10561943054199219
1133,0.10514259338378906
1134,0.10466575622558594
1135,0.10466575622558594
1136,0.10561943054199219
1137,0.10466575622558594
1138,0.10538101196289062
1139,0.10538101196289062
1140,0.10514259338378906
1141,0.10609626770019531
1142,0.1049041748046875
1143,0.10418891906738281
1144,0.10657310485839844
1145,0.10561943054199219
1146,0.12636184692382812
1147,0.10609626770019531
1148,0.10538101196289062
1149,0.12183189392089844
1150,0.10514259338378906
1151,0.10466575622558594
1152,0.12183189392089844
1153,0.10418891906738281
1154,0.10466575622558594
1155,0.12040138244628906
1156,0.10538101196289062
1157,0.1049041748046875
1158,0.10585784912109375
1159,0.10538101196289062
1160,0.12183189392089844
1161,0.10633468627929688
1162,0.10585784912109375
1163,0.10609626770019531
1164,0.10585784912109375
1165,0.10466575622558594
1166,0.10538101196289062
1167,0.10538101196289062
1168,0.10514259338378906
1169,0.10609626770019531
1170,0.10466575622558594
1171,0.102996826171875
1172,0.10538101196289062
1173,0.10609626770019531
1174,0.10466575622558594
1175,0.10466575622558594
1176,0.10752677917480469
1177,0.12540817260742188
1178,0.10633468627929688
1179,0.10633468627929688
1180,0.12350082397460938
1181,0.10609626770019531
1182,0.10609626770019531
1183,0.10561943054199219
1184,0.10609626770019531
1185,0.10585784912109375
1186,0.10466575622558594
1187,0.10561943054199219
1188,0.10466575622558594
1189,0.10585784912109375
1190,0.10609626770019531
1191,0.10633468627929688
1192,0.10752677917480469
1193,0.1342296600341797
1194,0.11515617370605469
1195,0.1163482666015625
1196,0.13065338134765625
1197,0.11277198791503906
1198,0.10752677917480469
1199,0.12135505676269531
1200,0.10657310485839844
1201,0.10561943054199219
1202,0.10561943054199219
1203,0.10442733764648438
1204,0.10418891906738281
1205,0.1087188720703125
1206,0.11014938354492188
1207,0.10848045349121094
1208,0.11372566223144531
1209,0.10943412780761719
1210,0.10609626770019531
1211,0.1068115234375
1212,0.10657310485839844
1213,0.10609626770019531
1214,0.10633468627929688
1215,0.10514259338378906
1216,0.10514259338378906
1217,0.10538101196289062
1218,0.1049041748046875
1219,0.10442733764648438
1220,0.10466575622558594
1221,0.10466575622558594
1222,0.12087821960449219
1223,0.10538101196289062
1224,0.10609626770019531
1225,0.1049041748046875
1226,0.1068115234375
1227,0.10585784912109375
1228,0.10633468627929688
1229,0.10752677917480469
1230,0.10657310485839844
1231,0.10704994201660156
1232,0.10514259338378906
1233,0.10538101196289062
1234,0.10514259338378906
1235,0.10395050048828125
1236,0.10466575622558594
1237,0.10585784912109375
1238,0.10609626770019531
1239,0.10466575622558594
1240,0.10466575622558594
1241,0.102996826171875
1242,0.10585784912109375
1243,0.10633468627929688
1244,0.12087821960449219
1245,0.10609626770019531
1246,0.10633468627929688
1247,0.12683868408203125
1248,0.10609626770019531
1249,0.10609626770019531
1250,0.1049041748046875
1251,0.10561943054199219
1252,0.10561943054199219
1253,0.10609626770019531
1254,0.10633468627929688
1255,0.10514259338378906
1256,0.10704994201660156
1257,0.10609626770019531
1258,0.10657310485839844
1259,0.10633468627929688
1260,0.1270771026611328
1261,0.1068115234375
1262,0.10752677917480469
1263,0.12612342834472656
1264,0.10776519775390625
1265,0.10776519775390625
1266,0.125885009765625
1267,0.10561943054199219
1268,0.10538101196289062
1269,0.10585784912109375
1270,0.10561943054199219
1271,0.10561943054199219
1272,0.10442733764648438
1273,0.10585784912109375
1274,0.10633468627929688
1275,0.10585784912109375
1276,0.1068115234375
1277,0.10657310485839844
1278,0.10633468627929688
1279,0.12683868408203125
1280,0.10561943054199219
1281,0.10704994201660156
1282,0.10752677917480469
1283,0.10728836059570312
1284,0.10561943054199219
1285,0.1049041748046875
1286,0.10538101196289062
1287,0.10609626770019531
1288,0.10514259338378906
1289,0.12445449829101562
1290,0.10657310485839844
1291,0.10609626770019531
1292,0.12159347534179688
1293,0.10561943054199219
1294,0.12063980102539062
1295,0.133514404296875
1296,0.11110305786132812
1297,0.10704994201660156
1298,0.1068115234375
1299,0.10895729064941406
1300,0.10657310485839844
1301,0.10538101196289062
1302,0.10371208190917969
1303,0.10514259338378906
1304,0.10585784912109375
1305,0.12540817260742188
1306,0.1049041748046875
1307,0.10704994201660156
1308,0.12278556823730469
1309,0.10561943054199219
1310,0.10657310485839844
1311,0.10657310485839844
1312,0.10609626770019531
1313,0.10633468627929688
1314,0.10657310485839844
1315,0.10752677917480469
1316,0.10585784912109375
1317,0.13017654418945312
1318,0.10514259338378906
1319,0.10561943054199219
1320,0.10514259338378906
1321,0.10609626770019531
1322,0.10514259338378906
1323,0.10752677917480469
1324,0.10704994201660156
1325,0.10991096496582031
1326,0.10633468627929688
1327,0.10538101196289062
1328,0.10752677917480469
1329,0.06532669067382812
1330,0.11348724365234375
1331,0.08225440979003906
1332,0.11563301086425781
1333,0.11301040649414062
1334,0.13709068298339844
1335,0.10657310485839844
1336,0.10466575622558594
1337,0.13256072998046875
1338,0.10657310485839844
1339,0.07295608520507812
1340,0.10323524475097656
1341,0.12755393981933594
1342,0.1087188720703125
1343,0.1068115234375
1344,0.13637542724609375
1345,0.10776519775390625
1346,0.10728836059570312
1347,0.10609626770019531
1348,0.10895729064941406
1349,0.10609626770019531
1350,0.10704994201660156
1351,0.10704994201660156
1352,0.10752677917480469
1353,0.10561943054199219
1354,0.10538101196289062
1355,0.10442733764648438
1356,0.10418891906738281
1357,0.10418891906738281
1358,0.10466575622558594
1359,0.10609626770019531
1360,0.13518333435058594
1361,0.10633468627929688
1362,0.10561943054199219
1363,0.1304149627685547
1364,0.10418891906738281
1365,0.10633468627929688
1366,0.10585784912109375
1367,0.10585784912109375
1368,0.10561943054199219
1369,0.10561943054199219
1370,0.1087188720703125
1371,0.1049041748046875
1372,0.10561943054199219
1373,0.10466575622558594
1374,0.10466575622558594
1375,0.10561943054199219
1376,0.10657310485839844
1377,0.10538101196289062
1378,0.10561943054199219
1379,0.1423358917236328
1380,0.10228157043457031
1381,0.10561943054199219
1382,0.10609626770019531
1383,0.10538101196289062
1384,0.10514259338378906
1385,0.10561943054199219
1386,0.10561943054199219
1387,0.10800361633300781
1388,0.10514259338378906
1389,0.10561943054199219
1390,0.10442733764648438
1391,0.1049041748046875
1392,0.10538101196289062
1393,0.10609626770019531
1394,0.1068115234375
1395,0.14257431030273438
1396,0.10561943054199219
1397,0.10561943054199219
1398,0.1304149627685547
1399,0.10585784912109375
1400,0.10633468627929688
1401,0.1304149627685547
1402,0.10609626770019531
1403,0.11348724365234375
1404,0.10967254638671875
1405,0.10585784912109375
1406,0.10442733764648438
1407,0.10514259338378906
1408,0.10609626770019531
1409,0.10609626770019531
1410,0.10585784912109375
1411,0.1049041748046875
1412,0.10561943054199219
1413,0.10657310485839844
1414,0.10585784912109375
1415,0.10561943054199219
1416,0.10609626770019531
1417,0.10657310485839844
1418,0.10704994201660156
1419,0.10633468627929688
1420,0.11730194091796875
1421,0.10919570922851562
1422,0.10538101196289062
1423,0.12612342834472656
1424,0.10538101196289062
1425,0.10538101196289062
1426,0.12969970703125
1427,0.10609626770019531
1428,0.10585784912109375
1429,0.11277198791503906
1430,0.11277198791503906
1431,0.10824203491210938
1432,0.10752677917480469
1433,0.10561943054199219
1434,0.10538101196289062
1435,0.10585784912109375
1436,0.10728836059570312
1437,0.10657310485839844
1438,0.10728836059570312
1439,0.1220703125
1440,0.10848045349121094
1441,0.10466575622558594
1442,0.13828277587890625
1443,0.1049041748046875
1444,0.10514259338378906
1445,0.10657310485839844
1446,0.10538101196289062
1447,0.10585784912109375
1448,0.1327991485595703
1449,0.10585784912109375
1450,0.10657310485839844
1451,0.1304149627685547
1452,0.10657310485839844
1453,0.10561943054199219
1454,0.13446807861328125
1455,0.1068115234375
1456,0.10824203491210938
1457,0.133514404296875
1458,0.1049041748046875
1459,0.10609626770019531
1460,0.1385211944580078
1461,0.10514259338378906
1462,0.10609626770019531
1463,0.133514404296875
1464,0.10633468627929688
1465,0.10657310485839844
1466,0.13375282287597656
1467,0.1068115234375
1468,0.10633468627929688
1469,0.10561943054199219
1470,0.10824203491210938
1471,0.1068115234375
1472,0.10704994201660156
1473,0.10728836059570312
1474,0.10633468627929688
1475,0.10514259338378906
1476,0.10657310485839844
1477,0.10752677917480469
1478,0.10609626770019531
1479,0.10657310485839844
1480,0.10585784912109375
1481,0.1049041748046875
1482,0.13589859008789062
1483,0.10538101196289062
1484,0.10657310485839844
1485,0.10657310485839844
1486,0.10657310485839844
1487,0.10752677917480469
1488,0.10704994201660156
1489,0.10633468627929688
1490,0.10704994201660156
1491,0.10561943054199219
1492,0.10538101196289062
1493,0.10824203491210938
1494,0.10609626770019531
1495,0.1308917999267578
1496,0.10704994201660156
1497,0.10657310485839844
1498,0.12969970703125
1499,0.10704994201660156
1500,0.10800361633300781
1501,0.1404285430908203
1502,0.10776519775390625
1503,0.10752677917480469
1504,0.1327991485595703
1505,0.10752677917480469
1506,0.10609626770019531
1507,0.12874603271484375
1508,0.1068115234375
1509,0.10609626770019531
1510,0.1354217529296875
1511,0.10776519775390625
1512,0.1068115234375
1513,0.10657310485839844
1514,0.10609626770019531
1515,0.1068115234375
1516,0.10561943054199219
1517,0.10585784912109375
1518,0.10728836059570312
1519,0.10752677917480469
1520,0.1087188720703125
1521,0.10657310485839844
1522,0.10704994201660156
1523,0.10609626770019531
1524,0.10633468627929688
1525,0.10633468627929688
1526,0.133514404296875
1527,0.10704994201660156
1528,0.1087188720703125
1529,0.12993812561035156
1530,0.1068115234375
1531,0.10657310485839844
1532,0.13756752014160156
1533,0.10657310485839844
1534,0.10728836059570312
1535,0.13399124145507812
1536,0.10895729064941406
1537,0.10919570922851562
1538,0.1347064971923828
1539,0.10752677917480469
1540,0.10776519775390625
1541,0.1270771026611328
1542,0.10704994201660156
1543,0.10561943054199219
1544,0.10752677917480469
1545,0.10704994201660156
1546,0.10704994201660156
1547,0.10991096496582031
1548,0.10848045349121094
1549,0.10895729064941406
1550,0.10609626770019531
1551,0.10895729064941406
1552,0.1087188720703125
1553,0.10824203491210938
1554,0.10776519775390625
1555,0.10800361633300781
1556,0.10776519775390625
1557,0.10728836059570312
1558,0.1068115234375
1559,0.10585784912109375
1560,0.10585784912109375
1561,0.10752677917480469
1562,0.10800361633300781
1563,0.10633468627929688
1564,0.10704994201660156
1565,0.10943412780761719
1566,0.10704994201660156
1567,0.10776519775390625
1568,0.10776519775390625
1569,0.10848045349121094
1570,0.10728836059570312
1571,0.10848045349121094
1572,0.1087188720703125
1573,0.10752677917480469
1574,0.10728836059570312
1575,0.13113021850585938
1576,0.10538101196289062
1577,0.10776519775390625
1578,0.1327991485595703
1579,0.10728836059570312
1580,0.10609626770019531
1581,0.10752677917480469
1582,0.10752677917480469
1583,0.10776519775390625
1584,0.10848045349121094
1585,0.10943412780761719
1586,0.10848045349121094
1587,0.10919570922851562
1588,0.10776519775390625
1589,0.10919570922851562
1590,0.10800361633300781
1591,0.13709068298339844
1592,0.10442733764648438
1593,0.0667572021484375
1594,0.07700920104980469
1595,0.11754035949707031
1596,0.10848045349121094
1597,0.10752677917480469
1598,0.10013580322265625
1599,0.10633468627929688
1600,0.1068115234375
1601,0.10776519775390625
1602,0.1068115234375
1603,0.10704994201660156
1604,0.1068115234375
1605,0.10752677917480469
1606,0.10561943054199219
1607,0.10657310485839844
1608,0.13303756713867188
1609,0.10514259338378906
1610,0.10442733764648438
1611,0.1304149627685547
1612,0.1068115234375
1613,0.10609626770019531
1614,0.1308917999267578
1615,0.10848045349121094
1616,0.10919570922851562
1617,0.10609626770019531
1618,0.10609626770019531
1619,0.10728836059570312
1620,0.1068115234375
1621,0.1068115234375
1622,0.10704994201660156
1623,0.10728836059570312
1624,0.1068115234375
1625,0.1068115234375
1626,0.10561943054199219
1627,0.1049041748046875
1628,0.10514259338378906
1629,0.10585784912109375
1630,0.11205673217773438
1631,0.10776519775390625
1632,0.10633468627929688
1633,0.13327598571777344
1634,0.10776519775390625
1635,0.10776519775390625
1636,0.10848045349121094
1637,0.1068115234375
1638,0.10752677917480469
1639,0.13065338134765625
1640,0.10585784912109375
1641,0.1068115234375
1642,0.1366138458251953
1643,0.10633468627929688
1644,0.10561943054199219
1645,0.13017654418945312
1646,0.1068115234375
1647,0.10561943054199219
1648,0.13375282287597656
1649,0.10752677917480469
1650,0.10800361633300781
1651,0.13303756713867188
1652,0.10585784912109375
1653,0.10704994201660156
1654,0.13780593872070312
1655,0.10657310485839844
1656,0.10704994201660156
1657,0.10609626770019531
1658,0.10609626770019531
1659,0.10538101196289062
1660,0.10585784912109375
1661,0.10466575622558594
1662,0.1049041748046875
1663,0.10561943054199219
1664,0.10609626770019531
1665,0.10561943054199219
1666,0.10561943054199219
1667,0.11658668518066406
1668,0.10704994201660156
1669,0.10609626770019531
1670,0.13184547424316406
1671,0.10848045349121094
1672,0.10800361633300781
1673,0.1304149627685547
1674,0.10657310485839844
1675,0.10633468627929688
1676,0.1304149627685547
1677,0.11515617370605469
1678,0.1270771026611328
1679,0.11038780212402344
1680,0.08511543273925781
1681,0.11563301086425781
1682,0.110626220703125
1683,0.1461505889892578
1684,0.10919570922851562
1685,0.10657310485839844
1686,0.1327991485595703
1687,0.10776519775390625
1688,0.10704994201660156
1689,0.133514404296875
1690,0.10657310485839844
1691,0.10704994201660156
1692,0.1239776611328125
1693,0.11134147644042969
1694,0.1087188720703125
1695,0.1068115234375
1696,0.10728836059570312
1697,0.10633468627929688
1698,0.10633468627929688
1699,0.10585784912109375
1700,0.10609626770019531
1701,0.10609626770019531
1702,0.10752677917480469
1703,0.10585784912109375
1704,0.10633468627929688
1705,0.12683868408203125
1706,0.10609626770019531
1707,0.10609626770019531
1708,0.1270771026611328
1709,0.10728836059570312
1710,0.10538101196289062
1711,0.12278556823730469
1712,0.1087188720703125
1713,0.10776519775390625
1714,0.10657310485839844
1715,0.10585784912109375
1716,0.10728836059570312
1717,0.10561943054199219
1718,0.1049041748046875
1719,0.10704994201660156
1720,0.10657310485839844
1721,0.1068115234375
1722,0.10776519775390625
1723,0.10418891906738281
1724,0.10728836059570312
1725,0.10585784912109375
1726,0.10609626770019531
1727,0.1239776611328125
1728,0.10538101196289062
1729,0.10943412780761719
1730,0.10585784912109375
1731,0.10585784912109375
1732,0.10395050048828125
1733,0.10657310485839844
1734,0.10776519775390625
1735,0.10824203491210938
1736,0.1068115234375
1737,0.10657310485839844
1738,0.10728836059570312
1739,0.10609626770019531
1740,0.12493133544921875
1741,0.10561943054199219
1742,0.10538101196289062
1743,0.12087821960449219
1744,0.10609626770019531
1745,0.10466575622558594
1746,0.12254714965820312
1747,0.10585784912109375
1748,0.10561943054199219
1749,0.12254714965820312
1750,0.10800361633300781
1751,0.10561943054199219
1752,0.12612342834472656
1753,0.10561943054199219
1754,0.11134147644042969
1755,0.12445449829101562
1756,0.1068115234375
1757,0.10585784912109375
1758,0.12111663818359375
1759,0.10561943054199219
1760,0.10585784912109375
1761,0.10442733764648438
1762,0.10752677917480469
1763,0.10585784912109375
1764,0.10657310485839844
1765,0.10609626770019531
1766,0.10466575622558594
1767,0.1068115234375
1768,0.10800361633300781
1769,0.1068115234375
1770,0.10728836059570312
1771,0.10704994201660156
1772,0.10609626770019531
1773,0.10585784912109375
1774,0.1049041748046875
1775,0.10561943054199219
1776,0.10538101196289062
1777,0.10466575622558594
1778,0.07152557373046875
1779,0.07414817810058594
1780,0.11205673217773438
1781,0.10967254638671875
1782,0.10657310485839844
1783,0.10752677917480469
1784,0.1270771026611328
1785,0.10514259338378906
1786,0.10704994201660156
1787,0.12254714965820312
1788,0.10728836059570312
1789,0.10728836059570312
1790,0.1251697540283203
1791,0.10776519775390625
1792,0.10538101196289062
1793,0.12421607971191406
1794,0.10561943054199219
1795,0.10585784912109375
1796,0.125885009765625
1797,0.10633468627929688
1798,0.10704994201660156
1799,0.10633468627929688
1800,0.10561943054199219
1801,0.10752677917480469
1802,0.1068115234375
1803,0.1068115234375
1804,0.10752677917480469
1805,0.10728836059570312
1806,0.10609626770019531
1807,0.1049041748046875
1808,0.10585784912109375
1809,0.10609626770019531
1810,0.10561943054199219
1811,0.10609626770019531
1812,0.10585784912109375
1813,0.11968612670898438
1814,0.11706352233886719
1815,0.10061264038085938
1816,0.10371208190917969
1817,0.11920928955078125
1818,0.10752677917480469
1819,0.10633468627929688
1820,0.06699562072753906
1821,0.10704994201660156
1822,0.06580352783203125
1823,0.10633468627929688
1824,0.10609626770019531
1825,0.10609626770019531
1826,0.10609626770019531
1827,0.10609626770019531
1828,0.10609626770019531
1829,0.10514259338378906
1830,0.10466575622558594
1831,0.10538101196289062
1832,0.11944770812988281
1833,0.10585784912109375
1834,0.10561943054199219
1835,0.1251697540283203
1836,0.1068115234375
1837,0.10704994201660156
1838,0.10704994201660156
1839,0.10657310485839844
1840,0.10633468627929688
1841,0.10609626770019531
1842,0.10538101196289062
1843,0.10585784912109375
1844,0.10442733764648438
1845,0.12350082397460938
1846,0.10585784912109375
1847,0.10466575622558594
1848,0.10561943054199219
1849,0.10561943054199219
1850,0.10633468627929688
1851,0.1068115234375
1852,0.10728836059570312
1853,0.10561943054199219
1854,0.10824203491210938
1855,0.10609626770019531
1856,0.10704994201660156
1857,0.1068115234375
1858,0.10609626770019531
1859,0.10514259338378906
1860,0.10585784912109375
1861,0.10585784912109375
1862,0.10561943054199219
1863,0.10633468627929688
1864,0.12063980102539062
1865,0.1068115234375
1866,0.10657310485839844
1867,0.10585784912109375
1868,0.10585784912109375
1869,0.10776519775390625
1870,0.10657310485839844
1871,0.10609626770019531
1872,0.10657310485839844
1873,0.10514259338378906
1874,0.10585784912109375
1875,0.10609626770019531
1876,0.10561943054199219
1877,0.10514259338378906
1878,0.10561943054199219
1879,0.10633468627929688
1880,0.1049041748046875
1881,0.10466575622558594
1882,0.10633468627929688
1883,0.12326240539550781
1884,0.1087188720703125
1885,0.10609626770019531
1886,0.12087821960449219
1887,0.10704994201660156
1888,0.1068115234375
1889,0.12350082397460938
1890,0.1087188720703125
1891,0.10776519775390625
1892,0.10561943054199219
1893,0.10585784912109375
1894,0.10752677917480469
1895,0.10538101196289062
1896,0.10609626770019531
1897,0.10538101196289062
1898,0.1049041748046875
1899,0.1251697540283203
1900,0.10609626770019531
1901,0.1068115234375
1902,0.12445449829101562
1903,0.10514259338378906
1904,0.10657310485839844
1905,0.12254714965820312
1906,0.1068115234375
1907,0.10418891906738281
1908,0.10848045349121094
1909,0.10657310485839844
1910,0.1068115234375
1911,0.10633468627929688
1912,0.10633468627929688
1913,0.08893013000488281
1914,0.07653236389160156
1915,0.11038780212402344
1916,0.11277198791503906
1917,0.10704994201660156
1918,0.10538101196289062
1919,0.12803077697753906
1920,0.10728836059570312
1921,0.10943412780761719
1922,0.11610984802246094
1923,0.09751319885253906
1924,0.11038780212402344
1925,0.10704994201660156
1926,0.1068115234375
1927,0.10561943054199219
1928,0.10561943054199219
1929,0.10657310485839844
1930,0.10609626770019531
1931,0.10251998901367188
1932,0.10418891906738281
1933,0.10609626770019531
1934,0.10466575622558594
1935,0.10538101196289062
1936,0.11038780212402344
1937,0.10752677917480469
1938,0.10728836059570312
1939,0.10895729064941406
1940,0.10704994201660156
1941,0.10800361633300781
1942,0.1068115234375
1943,0.10585784912109375
1944,0.10585784912109375
1945,0.10561943054199219
1946,0.10585784912109375
1947,0.10633468627929688
1948,0.1049041748046875
1949,0.10395050048828125
1950,0.10609626770019531
1951,0.1239776611328125
1952,0.10800361633300781
1953,0.10728836059570312
1954,0.10776519775390625
1955,0.10895729064941406
1956,0.10728836059570312
1957,0.13065338134765625
1958,0.10704994201660156
1959,0.10561943054199219
1960,0.1239776611328125
1961,0.11372566223144531
1962,0.10657310485839844
1963,0.1270771026611328
1964,0.10824203491210938
1965,0.1068115234375
1966,0.13756752014160156
1967,0.10657310485839844
1968,0.10824203491210938
1969,0.10704994201660156
1970,0.10704994201660156
1971,0.10776519775390625
1972,0.09202957153320312
1973,0.10776519775390625
1974,0.10824203491210938
1975,0.10657310485839844
1976,0.125885009765625
1977,0.1049041748046875
1978,0.10561943054199219
1979,0.1201629638671875
1980,0.10585784912109375
1981,0.10418891906738281
1982,0.10466575622558594
1983,0.10466575622558594
1984,0.10824203491210938
1985,0.11205673217773438
1986,0.10800361633300781
1987,0.10800361633300781
1988,0.10728836059570312
1989,0.10752677917480469
1990,0.10776519775390625
1991,0.1049041748046875
1992,0.10514259338378906
1993,0.10633468627929688
1994,0.10466575622558594
1995,0.10466575622558594
1996,0.10561943054199219
1997,0.10514259338378906
1998,0.10466575622558594
1999,0.10466575622558594
2000,0.10538101196289062
2001,0.10704994201660156
2002,0.10824203491210938
2003,0.10824203491210938
2004,0.10967254638671875
2005,0.11134147644042969
2006,0.10633468627929688
2007,0.1220703125
2008,0.10538101196289062
2009,0.10561943054199219
2010,0.12230873107910156
2011,0.09274482727050781
2012,0.10609626770019531
2013,0.10561943054199219
2014,0.10633468627929688
2015,0.10514259338378906
2016,0.10585784912109375
2017,0.10657310485839844
2018,0.10657310485839844
2019,0.10728836059570312
2020,0.10752677917480469
2021,0.10967254638671875
2022,0.10657310485839844
2023,0.10585784912109375
2024,0.10538101196289062
2025,0.1049041748046875
2026,0.10514259338378906
2027,0.10561943054199219
2028,0.10466575622558594
2029,0.12445449829101562
2030,0.10633468627929688
2031,0.1049041748046875
2032,0.12183189392089844
2033,0.10395050048828125
2034,0.10824203491210938
2035,0.12350082397460938
2036,0.10752677917480469
2037,0.10776519775390625
2038,0.1308917999267578
2039,0.10585784912109375
2040,0.10538101196289062
2041,0.1251697540283203
2042,0.10585784912109375
2043,0.10561943054199219
2044,0.12636184692382812
2045,0.10585784912109375
2046,0.10776519775390625
2047,0.12564659118652344
2048,0.10561943054199219
2049,0.1049041748046875
2050,0.12874603271484375
2051,0.10704994201660156
2052,0.10776519775390625
2053,0.1289844512939453
2054,0.10752677917480469
2055,0.10752677917480469
2056,0.1239776611328125
2057,0.1068115234375
2058,0.10633468627929688
2059,0.12326240539550781
2060,0.10585784912109375
2061,0.10609626770019531
2062,0.11420249938964844
2063,0.11968612670898438
2064,0.10752677917480469
2065,0.12469291687011719
2066,0.10514259338378906
2067,0.10633468627929688
2068,0.12564659118652344
2069,0.10824203491210938
2070,0.10752677917480469
2071,0.10776519775390625
2072,0.1049041748046875
2073,0.09059906005859375
2074,0.10585784912109375
2075,0.10561943054199219
2076,0.11801719665527344
2077,0.1163482666015625
2078,0.12040138244628906
2079,0.0743865966796875
2080,0.110626220703125
2081,0.10728836059570312
2082,0.10633468627929688
2083,0.10609626770019531
2084,0.10704994201660156
2085,0.1087188720703125
2086,0.10800361633300781
2087,0.10752677917480469
2088,0.10466575622558594
2089,0.10514259338378906
2090,0.11491775512695312
2091,0.10514259338378906
2092,0.10514259338378906
2093,0.1049041748046875
2094,0.12302398681640625
2095,0.1049041748046875
2096,0.10585784912109375
2097,0.12278556823730469
2098,0.10561943054199219
2099,0.10848045349121094
2100,0.12302398681640625
2101,0.10633468627929688
2102,0.10824203491210938
2103,0.1304149627685547
2104,0.10728836059570312
2105,0.1049041748046875
2106,0.10609626770019531
2107,0.10633468627929688
2108,0.10538101196289062
2109,0.10538101196289062
2110,0.10538101196289062
2111,0.10657310485839844
2112,0.10561943054199219
2113,0.10585784912109375
2114,0.10561943054199219
2115,0.1068115234375
2116,0.10514259338378906
2117,0.10800361633300781
2118,0.10704994201660156
2119,0.1266002655029297
2120,0.10752677917480469
2121,0.10633468627929688
2122,0.12254714965820312
2123,0.10561943054199219
2124,0.10442733764648438
2125,0.12493133544921875
2126,0.10538101196289062
2127,0.10514259338378906
2128,0.10538101196289062
2129,0.1049041748046875
2130,0.1049041748046875
2131,0.10609626770019531
2132,0.10514259338378906
2133,0.10657310485839844
2134,0.10466575622558594
2135,0.10633468627929688
2136,0.10466575622558594
2137,0.10538101196289062
2138,0.10514259338378906
2139,0.10538101196289062
2140,0.10538101196289062
2141,0.12159347534179688
2142,0.10466575622558594
2143,0.10800361633300781
2144,0.12254714965820312
2145,0.1049041748046875
2146,0.10514259338378906
2147,0.10514259338378906
2148,0.10704994201660156
2149,0.10514259338378906
2150,0.10514259338378906
2151,0.1049041748046875
2152,0.10585784912109375
2153,0.10585784912109375
2154,0.10561943054199219
2155,0.10561943054199219
2156,0.10657310485839844
2157,0.10585784912109375
2158,0.10561943054199219
2159,0.10585784912109375
2160,0.10752677917480469
2161,0.10561943054199219
2162,0.11920928955078125
2163,0.1475811004638672
2164,0.11539459228515625
2165,0.07081031799316406
2166,0.11920928955078125
2167,0.10824203491210938
2168,0.11205673217773438
2169,0.10442733764648438
2170,0.10657310485839844
2171,0.10585784912109375
2172,0.1049041748046875
2173,0.12183189392089844
2174,0.10538101196289062
2175,0.10585784912109375
2176,0.1239776611328125
2177,0.11348724365234375
2178,0.10943412780761719
2179,0.10704994201660156
2180,0.10824203491210938
2181,0.10514259338378906
2182,0.10538101196289062
2183,0.10609626770019531
2184,0.10466575622558594
2185,0.10633468627929688
2186,0.1068115234375
2187,0.1049041748046875
2188,0.10561943054199219
2189,0.12421607971191406
2190,0.10609626770019531
2191,0.10538101196289062
2192,0.12373924255371094
2193,0.10561943054199219
2194,0.10609626770019531
2195,0.10466575622558594
2196,0.10561943054199219
2197,0.10848045349121094
2198,0.10561943054199219
2199,0.10633468627929688
2200,0.10514259338378906
2201,0.10466575622558594
2202,0.10633468627929688
2203,0.10633468627929688
2204,0.10585784912109375
2205,0.10514259338378906
2206,0.10585784912109375
2207,0.10609626770019531
2208,0.12445449829101562
2209,0.10585784912109375
2210,0.10585784912109375
2211,0.12230873107910156
2212,0.1049041748046875
2213,0.10752677917480469
2214,0.12421607971191406
2215,0.10728836059570312
2216,0.10991096496582031
2217,0.10657310485839844
2218,0.10776519775390625
2219,0.10466575622558594
2220,0.10609626770019531
2221,0.10538101196289062
2222,0.10561943054199219
2223,0.10561943054199219
2224,0.10538101196289062
2225,0.10561943054199219
2226,0.10585784912109375
2227,0.10418891906738281
2228,0.1049041748046875
2229,0.10466575622558594
2230,0.1201629638671875
2231,0.10633468627929688
2232,0.10609626770019531
2233,0.1266002655029297
2234,0.10585784912109375
2235,0.10824203491210938
2236,0.10561943054199219
2237,0.10466575622558594
2238,0.10395050048828125
2239,0.1049041748046875
2240,0.10466575622558594
2241,0.1049041748046875
2242,0.10609626770019531
2243,0.10442733764648438
2244,0.10538101196289062
2245,0.08869171142578125
2246,0.10466575622558594
2247,0.10514259338378906
2248,0.10585784912109375
2249,0.12421607971191406
2250,0.10728836059570312
2251,0.10752677917480469
2252,0.12421607971191406
2253,0.10585784912109375
2254,0.10561943054199219
2255,0.1239776611328125
2256,0.1049041748046875
2257,0.1049041748046875
2258,0.10538101196289062
2259,0.10466575622558594
2260,0.10561943054199219
2261,0.10561943054199219
2262,0.10585784912109375
2263,0.11610984802246094
2264,0.11610984802246094
2265,0.11157989501953125
2266,0.11086463928222656
2267,0.10776519775390625
2268,0.1354217529296875
2269,0.10728836059570312
2270,0.10609626770019531
2271,0.10991096496582031
2272,0.10633468627929688
2273,0.10538101196289062
2274,0.10728836059570312
2275,0.10752677917480469
2276,0.10728836059570312
2277,0.1308917999267578
2278,0.10633468627929688
2279,0.10943412780761719
2280,0.13518333435058594
2281,0.10728836059570312
2282,0.1068115234375
2283,0.12969970703125
2284,0.10824203491210938
2285,0.10728836059570312
2286,0.1342296600341797
2287,0.10657310485839844
2288,0.10585784912109375
2289,0.10561943054199219
2290,0.1087188720703125
2291,0.10561943054199219
2292,0.10561943054199219
2293,0.10561943054199219
2294,0.10657310485839844
2295,0.1068115234375
2296,0.1068115234375
2297,0.11348724365234375
2298,0.07987022399902344
2299,0.10895729064941406
2300,0.10728836059570312
2301,0.11992454528808594
2302,0.11134147644042969
2303,0.08344650268554688
2304,0.10967254638671875
2305,0.10919570922851562
2306,0.10752677917480469
2307,0.1385211944580078
2308,0.10800361633300781
2309,0.10704994201660156
2310,0.1304149627685547
2311,0.102996826171875
2312,0.10800361633300781
2313,0.10609626770019531
2314,0.10657310485839844
2315,0.10800361633300781
2316,0.10752677917480469
2317,0.1087188720703125
2318,0.10848045349121094
2319,0.10848045349121094
2320,0.10895729064941406
2321,0.10800361633300781
2322,0.10776519775390625
2323,0.1304149627685547
2324,0.10657310485839844
2325,0.11157989501953125
2326,0.1323223114013672
2327,0.10395050048828125
2328,0.10728836059570312
2329,0.10704994201660156
2330,0.10728836059570312
2331,0.10800361633300781
2332,0.10752677917480469
2333,0.10728836059570312
2334,0.10895729064941406
2335,0.10848045349121094
2336,0.10752677917480469
2337,0.10585784912109375
2338,0.10752677917480469
2339,0.10752677917480469
2340,0.10704994201660156
2341,0.10704994201660156
2342,0.1354217529296875
2343,0.10848045349121094
2344,0.1068115234375
2345,0.13017654418945312
2346,0.10728836059570312
2347,0.10776519775390625
2348,0.13017654418945312
2349,0.10776519775390625
2350,0.10895729064941406
2351,0.13637542724609375
2352,0.10824203491210938
2353,0.10776519775390625
2354,0.13375282287597656
2355,0.10633468627929688
2356,0.10752677917480469
2357,0.10728836059570312
2358,0.10704994201660156
2359,0.10776519775390625
2360,0.10776519775390625
2361,0.10633468627929688
2362,0.10704994201660156
2363,0.10800361633300781
2364,0.10752677917480469
2365,0.10943412780761719
2366,0.10704994201660156
2367,0.10824203491210938
2368,0.10895729064941406
2369,0.10752677917480469
2370,0.13685226440429688
2371,0.10609626770019531
2372,0.10704994201660156
2373,0.12922286987304688
2374,0.10704994201660156
2375,0.10752677917480469
2376,0.12993812561035156
2377,0.1068115234375
2378,0.10704994201660156
2379,0.13685226440429688
2380,0.10633468627929688
2381,0.10824203491210938
2382,0.13399124145507812
2383,0.10824203491210938
2384,0.10848045349121094
2385,0.13494491577148438
2386,0.10776519775390625
2387,0.10919570922851562
2388,0.1304149627685547
2389,0.10728836059570312
2390,0.10633468627929688
2391,0.13303756713867188
2392,0.1087188720703125
2393,0.10824203491210938
2394,0.10752677917480469
2395,0.10728836059570312
2396,0.10752677917480469
2397,0.10752677917480469
2398,0.07939338684082031
2399,0.11801719665527344
2400,0.10991096496582031
2401,0.10991096496582031
2402,0.11086463928222656
2403,0.10752677917480469
2404,0.10609626770019531
2405,0.10466575622558594
2406,0.10585784912109375
2407,0.10633468627929688
2408,0.1354217529296875
2409,0.10538101196289062
2410,0.10585784912109375
2411,0.13065338134765625
2412,0.10895729064941406
2413,0.10633468627929688
2414,0.13256072998046875
2415,0.10609626770019531
2416,0.10657310485839844
2417,0.10561943054199219
2418,0.10704994201660156
2419,0.10704994201660156
2420,0.10752677917480469
2421,0.10228157043457031
2422,0.10609626770019531
2423,0.10633468627929688
2424,0.1163482666015625
2425,0.10538101196289062
2426,0.10466575622558594
2427,0.10609626770019531
2428,0.10609626770019531
2429,0.10538101196289062
2430,0.12421607971191406
2431,0.10585784912109375
2432,0.10561943054199219
2433,0.10776519775390625
2434,0.10704994201660156
2435,0.10728836059570312
2436,0.1087188720703125
2437,0.10848045349121094
2438,0.10728836059570312
2439,0.10347366333007812
2440,0.10514259338378906
2441,0.10538101196289062
2442,0.1049041748046875
2443,0.10538101196289062
2444,0.10561943054199219
2445,0.1049041748046875
2446,0.10538101196289062
2447,0.10704994201660156
2448,0.10609626770019531
2449,0.10466575622558594
2450,0.10824203491210938
2451,0.10895729064941406
2452,0.10728836059570312
2453,0.10633468627929688
2454,0.10752677917480469
2455,0.12445449829101562
2456,0.10323524475097656
2457,0.1049041748046875
2458,0.1239776611328125
2459,0.10919570922851562
2460,0.10538101196289062
2461,0.12373924255371094
2462,0.10633468627929688
2463,0.1049041748046875
2464,0.10514259338378906
2465,0.10466575622558594
2466,0.10824203491210938
2467,0.1068115234375
2468,0.1087188720703125
2469,0.10824203491210938
2470,0.1087188720703125
2471,0.10800361633300781
2472,0.10418891906738281
2473,0.10371208190917969
2474,0.12421607971191406
2475,0.10514259338378906
2476,0.10561943054199219
2477,0.12445449829101562
2478,0.10514259338378906
2479,0.10585784912109375
2480,0.10585784912109375
2481,0.10967254638671875
2482,0.10704994201660156
2483,0.10848045349121094
2484,0.09870529174804688
2485,0.06771087646484375
2486,0.06556510925292969
2487,0.06389617919921875
2488,0.09226799011230469
2489,0.09274482727050781
2490,0.09417533874511719
2491,0.11038780212402344
2492,0.09560585021972656
2493,0.095367431640625
2494,0.11515617370605469
2495,0.09608268737792969
2496,0.095367431640625
2497,0.095367431640625
2498,0.09465217590332031
2499,0.09417533874511719
2500,0.09369850158691406
2501,0.09274482727050781
2502,0.11706352233886719
2503,0.10895729064941406
2504,0.1068115234375
2505,0.11730194091796875
2506,0.10752677917480469
2507,0.12612342834472656
2508,0.10728836059570312
2509,0.1068115234375
2510,0.12564659118652344
2511,0.10800361633300781
2512,0.10704994201660156
2513,0.10657310485839844
2514,0.10728836059570312
2515,0.10800361633300781
2516,0.10776519775390625
2517,0.1068115234375
2518,0.10514259338378906
2519,0.11038780212402344
2520,0.1087188720703125
2521,0.10824203491210938
2522,0.09894371032714844
2523,0.08726119995117188
2524,0.0667572021484375
2525,0.06628036499023438
2526,0.08082389831542969
2527,0.110626220703125
2528,0.0934600830078125
2529,0.09322166442871094
2530,0.09322166442871094
2531,0.09369850158691406
2532,0.09655952453613281
2533,0.09512901306152344
2534,0.09608268737792969
2535,0.09608268737792969
2536,0.09632110595703125
2537,0.11110305786132812
2538,0.09417533874511719
2539,0.09441375732421875
2540,0.11086463928222656
2541,0.09322166442871094
2542,0.09298324584960938
2543,0.095367431640625
2544,0.09584426879882812
2545,0.0934600830078125
2546,0.09393692016601562
2547,0.11706352233886719
2548,0.1087188720703125
2549,0.10609626770019531
2550,0.10704994201660156
2551,0.10561943054199219
2552,0.10776519775390625
2553,0.1266002655029297
2554,0.11324882507324219
2555,0.133514404296875
2556,0.10824203491210938
2557,0.10824203491210938
2558,0.10895729064941406
2559,0.10776519775390625
2560,0.10895729064941406
2561,0.12230873107910156
2562,0.12063980102539062
2563,0.11944770812988281
2564,0.1068115234375
2565,0.10609626770019531
2566,0.06914138793945312
2567,0.06556510925292969
2568,0.06556510925292969
2569,0.07867813110351562
2570,0.09369850158691406
2571,0.10967254638671875
2572,0.09608268737792969
2573,0.09322166442871094
2574,0.10800361633300781
2575,0.09655952453613281
2576,0.09655952453613281
2577,0.09584426879882812
2578,0.09655952453613281
2579,0.09632110595703125
2580,0.09489059448242188
2581,0.09393692016601562
2582,0.0934600830078125
2583,0.09393692016601562
2584,0.0934600830078125
2585,0.09250640869140625
2586,0.09393692016601562
2587,0.09393692016601562
2588,0.09417533874511719
2589,0.09274482727050781
2590,0.09417533874511719
2591,0.09679794311523438
2592,0.09393692016601562
2593,0.11730194091796875
2594,0.10752677917480469
2595,0.10752677917480469
2596,0.13303756713867188
2597,0.12731552124023438
2598,0.10919570922851562
2599,0.10848045349121094
2600,0.12564659118652344
2601,0.10776519775390625
2602,0.10919570922851562
2603,0.10752677917480469
2604,0.09775161743164062
2605,0.06818771362304688
2606,0.0667572021484375
2607,0.06604194641113281
2608,0.08368492126464844
2609,0.09250640869140625
2610,0.09202957153320312
2611,0.0934600830078125
2612,0.09250640869140625
2613,0.09250640869140625
2614,0.1163482666015625
2615,0.09775161743164062
2616,0.0972747802734375
2617,0.1125335693359375
2618,0.09584426879882812
2619,0.09441375732421875
2620,0.09703636169433594
2621,0.09417533874511719
2622,0.09274482727050781
2623,0.09441375732421875
2624,0.09298324584960938
2625,0.09322166442871094
2626,0.09369850158691406
2627,0.11420249938964844
2628,0.09322166442871094
2629,0.0934600830078125
2630,0.0934600830078125
2631,0.09393692016601562
2632,0.0934600830078125
2633,0.09703636169433594
2634,0.09679794311523438
2635,0.09655952453613281
2636,0.09703636169433594
2637,0.11944770812988281
2638,0.10848045349121094
2639,0.10776519775390625
2640,0.12469291687011719
2641,0.09751319885253906
2642,0.07104873657226562
2643,0.06794929504394531
2644,0.06532669067382812
2645,0.080108642578125
2646,0.09298324584960938
2647,0.09751319885253906
2648,0.10752677917480469
2649,0.10061264038085938
2650,0.08988380432128906
2651,0.11754035949707031
2652,0.09846687316894531
2653,0.09512901306152344
2654,0.09655952453613281
2655,0.091552734375
2656,0.091552734375
2657,0.09274482727050781
2658,0.1201629638671875
2659,0.09608268737792969
2660,0.09179115295410156
2661,0.06127357482910156
2662,0.11086463928222656
2663,0.09393692016601562
2664,0.09369850158691406
2665,0.09059906005859375
2666,0.09131431579589844
2667,0.09202957153320312
2668,0.09250640869140625
2669,0.09322166442871094
2670,0.0972747802734375
2671,0.095367431640625
2672,0.12278556823730469
2673,0.09608268737792969
2674,0.09655952453613281
2675,0.11920928955078125
2676,0.09226799011230469
2677,0.10657310485839844
2678,0.11348724365234375
2679,0.09655952453613281
2680,0.09059906005859375
2681,0.091552734375
2682,0.09179115295410156
2683,0.10371208190917969
2684,0.09036064147949219
2685,0.10895729064941406
2686,0.09059906005859375
2687,0.09298324584960938
2688,0.09012222290039062
2689,0.09560585021972656
2690,0.095367431640625
2691,0.09632110595703125
2692,0.11038780212402344
2693,0.0972747802734375
2694,0.09179115295410156
2695,0.09131431579589844
2696,0.09131431579589844
2697,0.09131431579589844
2698,0.091552734375
2699,0.09036064147949219
2700,0.09107589721679688
2701,0.09250640869140625
2702,0.10967254638671875
2703,0.09083747863769531
2704,0.09107589721679688
2705,0.09107589721679688
2706,0.09131431579589844
2707,0.09083747863769531
2708,0.09465217590332031
2709,0.09560585021972656
2710,0.09512901306152344
2711,0.07605552673339844
2712,0.09465217590332031
2713,0.09012222290039062
2714,0.09083747863769531
2715,0.09202957153320312
2716,0.09036064147949219
2717,0.09131431579589844
2718,0.09012222290039062
2719,0.10991096496582031
2720,0.09083747863769531
2721,0.09107589721679688
2722,0.10800361633300781
2723,0.09107589721679688
2724,0.09083747863769531
2725,0.09036064147949219
2726,0.09036064147949219
2727,0.09512901306152344
2728,0.09560585021972656
2729,0.09679794311523438
2730,0.09560585021972656
2731,0.09059906005859375
2732,0.0896453857421875
2733,0.08988380432128906
2734,0.09226799011230469
2735,0.09036064147949219
2736,0.09036064147949219
2737,0.091552734375
2738,0.091552734375
2739,0.11157989501953125
2740,0.09059906005859375
2741,0.09036064147949219
2742,0.09131431579589844
2743,0.09059906005859375
2744,0.09012222290039062
2745,0.09584426879882812
2746,0.09655952453613281
2747,0.09489059448242188
2748,0.09942054748535156
2749,0.10418891906738281
2750,0.09870529174804688
2751,0.09465217590332031
2752,0.091552734375
2753,0.09107589721679688
2754,0.09107589721679688
2755,0.09059906005859375
2756,0.1087188720703125
2757,0.091552734375
2758,0.09083747863769531
2759,0.091552734375
2760,0.09059906005859375
2761,0.091552734375
2762,0.09107589721679688
2763,0.09059906005859375
2764,0.09083747863769531
2765,0.09632110595703125
2766,0.095367431640625
2767,0.09584426879882812
2768,0.09584426879882812
2769,0.11610984802246094
2770,0.09441375732421875
2771,0.09107589721679688
2772,0.09131431579589844
2773,0.09226799011230469
2774,0.09107589721679688
2775,0.09059906005859375
2776,0.09059906005859375
2777,0.09179115295410156
2778,0.09036064147949219
2779,0.08988380432128906
2780,0.09083747863769531
2781,0.09131431579589844
2782,0.11038780212402344
2783,0.08273124694824219
2784,0.09751319885253906
2785,0.10824203491210938
2786,0.12326240539550781
2787,0.09894371032714844
2788,0.05698204040527344
2789,0.095367431640625
2790,0.11086463928222656
2791,0.09322166442871094
2792,0.09250640869140625
2793,0.09298324584960938
2794,0.09226799011230469
2795,0.09274482727050781
2796,0.09393692016601562
2797,0.09608268737792969
2798,0.09489059448242188
2799,0.091552734375
2800,0.13637542724609375
2801,0.091552734375
2802,0.09202957153320312
2803,0.11134147644042969
2804,0.09441375732421875
2805,0.09655952453613281
2806,0.09512901306152344
2807,0.09632110595703125
2808,0.09632110595703125
2809,0.09250640869140625
2810,0.09322166442871094
2811,0.0934600830078125
2812,0.09322166442871094
2813,0.11205673217773438
2814,0.09298324584960938
2815,0.0934600830078125
2816,0.0934600830078125
2817,0.09393692016601562
2818,0.0934600830078125
2819,0.09322166442871094
2820,0.09131431579589844
2821,0.09322166442871094
2822,0.09322166442871094
2823,0.11992454528808594
2824,0.09441375732421875
2825,0.09608268737792969
2826,0.09608268737792969
2827,0.095367431640625
2828,0.09441375732421875
2829,0.09393692016601562
2830,0.09417533874511719
2831,0.09369850158691406
2832,0.09179115295410156
2833,0.110626220703125
2834,0.09036064147949219
2835,0.09107589721679688
2836,0.09202957153320312
2837,0.091552734375
2838,0.09036064147949219
2839,0.091552734375
2840,0.091552734375
2841,0.09131431579589844
2842,0.09059906005859375
2843,0.10919570922851562
2844,0.09560585021972656
2845,0.09655952453613281
2846,0.09512901306152344
2847,0.09465217590332031
2848,0.09560585021972656
2849,0.09202957153320312
2850,0.09083747863769531
2851,0.09226799011230469
2852,0.09083747863769531
2853,0.09059906005859375
2854,0.091552734375
2855,0.09107589721679688
2856,0.11205673217773438
2857,0.0934600830078125
2858,0.09179115295410156
2859,0.09560585021972656
2860,0.095367431640625
2861,0.09560585021972656
2862,0.09608268737792969
2863,0.09512901306152344
2864,0.09179115295410156
2865,0.09131431579589844
2866,0.09083747863769531
2867,0.09083747863769531
2868,0.09083747863769531
2869,0.10800361633300781
2870,0.09202957153320312
2871,0.09226799011230469
2872,0.09083747863769531
2873,0.09131431579589844
2874,0.09322166442871094
2875,0.09322166442871094
2876,0.091552734375
2877,0.09202957153320312
2878,0.09131431579589844
2879,0.11706352233886719
2880,0.09512901306152344
2881,0.09489059448242188
2882,0.09679794311523438
2883,0.09822845458984375
2884,0.09894371032714844
2885,0.09465217590332031
2886,0.09393692016601562
2887,0.09369850158691406
2888,0.09059906005859375
2889,0.10943412780761719
2890,0.091552734375
2891,0.09322166442871094
2892,0.10728836059570312
2893,0.09918212890625
2894,0.0667572021484375
2895,0.06508827209472656
2896,0.07581710815429688
2897,0.07700920104980469
2898,0.09298324584960938
2899,0.09298324584960938
2900,0.09274482727050781
2901,0.09298324584960938
2902,0.09298324584960938
2903,0.11205673217773438
2904,0.09250640869140625
2905,0.09250640869140625
2906,0.09560585021972656
2907,0.09655952453613281
2908,0.09679794311523438
2909,0.09584426879882812
2910,0.09632110595703125
2911,0.09226799011230469
2912,0.09298324584960938
2913,0.09298324584960938
2914,0.09369850158691406
2915,0.09417533874511719
2916,0.11110305786132812
2917,0.09202957153320312
2918,0.091552734375
2919,0.09274482727050781
2920,0.09369850158691406
2921,0.09369850158691406
2922,0.09298324584960938
2923,0.09322166442871094
2924,0.09274482727050781
2925,0.09298324584960938
2926,0.11849403381347656
2927,0.09560585021972656
2928,0.09489059448242188
2929,0.09512901306152344
2930,0.09489059448242188
2931,0.09083747863769531
2932,0.09083747863769531
2933,0.09107589721679688
2934,0.09107589721679688
2935,0.09012222290039062
2936,0.10967254638671875
2937,0.09036064147949219
2938,0.09059906005859375
2939,0.09274482727050781
2940,0.09107589721679688
2941,0.09036064147949219
2942,0.09083747863769531
2943,0.09274482727050781
2944,0.09131431579589844
2945,0.09131431579589844
2946,0.095367431640625
2947,0.09560585021972656
2948,0.09512901306152344
2949,0.11372566223144531
2950,0.09512901306152344
2951,0.09012222290039062
2952,0.09083747863769531
2953,0.09059906005859375
2954,0.09083747863769531
2955,0.08988380432128906
2956,0.09059906005859375
2957,0.09107589721679688
2958,0.091552734375
2959,0.1087188720703125
2960,0.09369850158691406
2961,0.09036064147949219
2962,0.09131431579589844
2963,0.08988380432128906
2964,0.0896453857421875
2965,0.09560585021972656
2966,0.09632110595703125
2967,0.09441375732421875
2968,0.09465217590332031
2969,0.11444091796875
2970,0.08988380432128906
2971,0.09107589721679688
2972,0.09036064147949219
2973,0.0896453857421875
2974,0.09083747863769531
2975,0.09202957153320312
2976,0.09012222290039062
2977,0.09012222290039062
2978,0.091552734375
2979,0.10967254638671875
2980,0.09131431579589844
2981,0.09179115295410156
2982,0.09012222290039062
2983,0.09083747863769531
2984,0.091552734375
2985,0.09560585021972656
2986,0.09393692016601562
2987,0.09417533874511719
2988,0.09465217590332031
2989,0.11396408081054688
2990,0.09083747863769531
2991,0.09036064147949219
2992,0.08940696716308594
2993,0.09703636169433594
2994,0.09131431579589844
2995,0.09059906005859375
2996,0.09059906005859375
2997,0.09202957153320312
2998,0.091552734375
2999,0.10943412780761719
3000,0.08940696716308594
3001,0.09012222290039062
3002,0.09107589721679688
3003,0.09059906005859375
3004,0.09179115295410156
3005,0.09417533874511719
3006,0.09441375732421875
3007,0.09584426879882812
3008,0.09584426879882812
3009,0.095367431640625
3010,0.09083747863769531
3011,0.0743865966796875
3012,0.08988380432128906
3013,0.0896453857421875
3014,0.09036064147949219
3015,0.07772445678710938
3016,0.10895729064941406
3017,0.09107589721679688
3018,0.09012222290039062
3019,0.09036064147949219
3020,0.09059906005859375
3021,0.09036064147949219
3022,0.091552734375
3023,0.09059906005859375
3024,0.08988380432128906
3025,0.095367431640625
3026,0.09560585021972656
3027,0.095367431640625
3028,0.09465217590332031
3029,0.11682510375976562
3030,0.09179115295410156
3031,0.09059906005859375
3032,0.10204315185546875
3033,0.09369850158691406
3034,0.09131431579589844
3035,0.09036064147949219
3036,0.08988380432128906
3037,0.08988380432128906
3038,0.09012222290039062
3039,0.08893013000488281
3040,0.09083747863769531
3041,0.09036064147949219
3042,0.10395050048828125
3043,0.08940696716308594
3044,0.09036064147949219
3045,0.09465217590332031
3046,0.09632110595703125
3047,0.10132789611816406
3048,0.09775161743164062
3049,0.10943412780761719
3050,0.09703636169433594
3051,0.09179115295410156
3052,0.09107589721679688
3053,0.09059906005859375
3054,0.09059906005859375
3055,0.091552734375
3056,0.09012222290039062
3057,0.09012222290039062
3058,0.09036064147949219
3059,0.10991096496582031
3060,0.09202957153320312
3061,0.09059906005859375
3062,0.09012222290039062
3063,0.0934600830078125
3064,0.09417533874511719
3065,0.09322166442871094
3066,0.09250640869140625
3067,0.09393692016601562
3068,0.09226799011230469
3069,0.11038780212402344
3070,0.09036064147949219
3071,0.09131431579589844
3072,0.09107589721679688
3073,0.09179115295410156
3074,0.09179115295410156
3075,0.08988380432128906
3076,0.091552734375
3077,0.09417533874511719
3078,0.09489059448242188
3079,0.09465217590332031
3080,0.09369850158691406
3081,0.09322166442871094
3082,0.110626220703125
3083,0.09036064147949219
3084,0.11157989501953125
3085,0.09179115295410156
3086,0.09059906005859375
3087,0.09131431579589844
3088,0.09059906005859375
3089,0.11372566223144531
3090,0.09250640869140625
3091,0.09179115295410156
3092,0.10991096496582031
3093,0.09012222290039062
3094,0.09179115295410156
3095,0.09202957153320312
3096,0.0934600830078125
3097,0.09369850158691406
3098,0.09465217590332031
3099,0.0934600830078125
3100,0.09393692016601562
3101,0.09298324584960938
3102,0.11277198791503906
3103,0.09083747863769531
3104,0.09107589721679688
3105,0.09298324584960938
3106,0.09083747863769531
3107,0.11396408081054688
3108,0.09894371032714844
3109,0.06699562072753906
3110,0.06556510925292969
3111,0.06365776062011719
3112,0.10204315185546875
3113,0.09131431579589844
3114,0.09059906005859375
3115,0.09012222290039062
3116,0.09059906005859375
3117,0.09179115295410156
3118,0.09131431579589844
3119,0.09083747863769531
3120,0.0896453857421875
3121,0.09107589721679688
3122,0.09107589721679688
3123,0.09417533874511719
3124,0.09322166442871094
3125,0.0934600830078125
3126,0.11324882507324219
3127,0.09417533874511719
3128,0.09012222290039062
3129,0.09083747863769531
3130,0.09036064147949219
3131,0.09012222290039062
3132,0.09059906005859375
3133,0.10657310485839844
3134,0.09751319885253906
3135,0.09799003601074219
3136,0.06031990051269531
3137,0.12540817260742188
3138,0.09369850158691406
3139,0.09107589721679688
3140,0.09131431579589844
3141,0.09036064147949219
3142,0.09059906005859375
3143,0.095367431640625
3144,0.09441375732421875
3145,0.09298324584960938
3146,0.09369850158691406
3147,0.12636184692382812
3148,0.09775161743164062
3149,0.09298324584960938
3150,0.09059906005859375
3151,0.091552734375
3152,0.09012222290039062
3153,0.08940696716308594
3154,0.10919570922851562
3155,0.09083747863769531
3156,0.09036064147949219
3157,0.11229515075683594
3158,0.09036064147949219
3159,0.08678436279296875
3160,0.091552734375
3161,0.09036064147949219
3162,0.09250640869140625
3163,0.09465217590332031
3164,0.11229515075683594
3165,0.09393692016601562
3166,0.09417533874511719
3167,0.09059906005859375
3168,0.09107589721679688
3169,0.091552734375
3170,0.09012222290039062
3171,0.091552734375
3172,0.09083747863769531
3173,0.09059906005859375
3174,0.10848045349121094
3175,0.09036064147949219
3176,0.09059906005859375
3177,0.09036064147949219
3178,0.09179115295410156
3179,0.09107589721679688
3180,0.0896453857421875
3181,0.09274482727050781
3182,0.09393692016601562
3183,0.095367431640625
3184,0.1239776611328125
3185,0.09417533874511719
3186,0.09012222290039062
3187,0.10824203491210938
3188,0.09012222290039062
3189,0.09059906005859375
3190,0.09107589721679688
3191,0.09012222290039062
3192,0.09012222290039062
3193,0.09059906005859375
3194,0.09036064147949219
3195,0.09012222290039062
3196,0.09012222290039062
3197,0.11086463928222656
3198,0.09083747863769531
3199,0.09083747863769531
3200,0.09369850158691406
3201,0.09393692016601562
3202,0.09369850158691406
3203,0.09298324584960938
3204,0.0896453857421875
3205,0.0896453857421875
3206,0.09012222290039062
3207,0.09059906005859375
3208,0.08940696716308594
3209,0.09012222290039062
3210,0.10943412780761719
3211,0.09131431579589844
3212,0.09107589721679688
3213,0.091552734375
3214,0.09059906005859375
3215,0.09083747863769531
3216,0.09012222290039062
3217,0.08988380432128906
3218,0.09083747863769531
3219,0.09322166442871094
3220,0.11229515075683594
3221,0.09441375732421875
3222,0.08988380432128906
3223,0.09417533874511719
3224,0.09107589721679688
3225,0.09036064147949219
3226,0.09059906005859375
3227,0.09083747863769531
3228,0.09059906005859375
3229,0.09036064147949219
3230,0.0896453857421875
3231,0.08988380432128906
3232,0.09059906005859375
3233,0.11157989501953125
3234,0.09918212890625
3235,0.10824203491210938
3236,0.09751319885253906
3237,0.10418891906738281
3238,0.09512901306152344
3239,0.09489059448242188
3240,0.09369850158691406
3241,0.09393692016601562
3242,0.09441375732421875
3243,0.09083747863769531
3244,0.09036064147949219
3245,0.09107589721679688
3246,0.09012222290039062
3247,0.11181831359863281
3248,0.0896453857421875
3249,0.09107589721679688
3250,0.09036064147949219
3251,0.09012222290039062
3252,0.091552734375
3253,0.09059906005859375
3254,0.09059906005859375
3255,0.09012222290039062
3256,0.09322166442871094
3257,0.12636184692382812
3258,0.09465217590332031
3259,0.09703636169433594
3260,0.09417533874511719
3261,0.09417533874511719
3262,0.08988380432128906
3263,0.09012222290039062
3264,0.09131431579589844
3265,0.07867813110351562
3266,0.08988380432128906
3267,0.09059906005859375
3268,0.10228157043457031
3269,0.09822845458984375
3270,0.1285076141357422
3271,0.12421607971191406
3272,0.0972747802734375
3273,0.09369850158691406
3274,0.08845329284667969
3275,0.09131431579589844
3276,0.09655952453613281
3277,0.09560585021972656
3278,0.095367431640625
3279,0.09608268737792969
3280,0.09107589721679688
3281,0.11539459228515625
3282,0.09226799011230469
3283,0.09131431579589844
3284,0.08988380432128906
3285,0.09107589721679688
3286,0.09012222290039062
3287,0.08988380432128906
3288,0.09012222290039062
3289,0.09036064147949219
3290,0.0934600830078125
3291,0.11420249938964844
3292,0.09417533874511719
3293,0.09417533874511719
3294,0.09417533874511719
3295,0.09250640869140625
3296,0.09083747863769531
3297,0.09083747863769531
3298,0.09036064147949219
3299,0.09179115295410156
3300,0.09036064147949219
3301,0.11301040649414062
3302,0.09107589721679688
3303,0.09083747863769531
3304,0.09036064147949219
3305,0.09107589721679688
3306,0.09012222290039062
3307,0.09107589721679688
3308,0.09012222290039062
3309,0.09298324584960938
3310,0.09417533874511719
3311,0.11301040649414062
3312,0.09393692016601562
3313,0.09369850158691406
3314,0.09059906005859375
3315,0.09131431579589844
3316,0.09083747863769531
3317,0.10609626770019531
3318,0.09059906005859375
3319,0.09059906005859375
3320,0.09059906005859375
3321,0.10824203491210938
3322,0.09083747863769531
3323,0.09059906005859375
3324,0.09059906005859375
3325,0.09059906005859375
3326,0.091552734375
3327,0.09107589721679688
3328,0.09059906005859375
3329,0.09417533874511719
3330,0.09274482727050781
3331,0.11372566223144531
3332,0.09417533874511719
3333,0.09083747863769531
3334,0.09012222290039062
3335,0.09083747863769531
3336,0.09012222290039062
3337,0.08988380432128906
3338,0.08988380432128906
3339,0.09131431579589844
3340,0.09036064147949219
3341,0.09083747863769531
3342,0.09036064147949219
3343,0.09059906005859375
3344,0.09036064147949219
3345,0.09012222290039062
3346,0.09179115295410156
3347,0.09489059448242188
3348,0.11110305786132812
3349,0.09322166442871094
3350,0.09322166442871094
3351,0.11277198791503906
3352,0.09012222290039062
3353,0.09059906005859375
3354,0.09250640869140625
3355,0.09059906005859375
3356,0.09012222290039062
3357,0.09083747863769531
3358,0.09012222290039062
3359,0.0896453857421875
3360,0.08988380432128906
3361,0.11086463928222656
3362,0.09036064147949219
3363,0.09107589721679688
3364,0.10704994201660156
3365,0.09059906005859375
3366,0.0934600830078125
3367,0.09298324584960938
3368,0.09465217590332031
3369,0.14257431030273438
3370,0.1068115234375
3371,0.0972747802734375
3372,0.09751319885253906
3373,0.09083747863769531
3374,0.11086463928222656
3375,0.091552734375
3376,0.09012222290039062
3377,0.0896453857421875
3378,0.09036064147949219
3379,0.09059906005859375
3380,0.09012222290039062
3381,0.09369850158691406
3382,0.09131431579589844
3383,0.09036064147949219
3384,0.11205673217773438
3385,0.09083747863769531
3386,0.09369850158691406
3387,0.0934600830078125
3388,0.09322166442871094
3389,0.09393692016601562
3390,0.09322166442871094
3391,0.08916854858398438
3392,0.08487701416015625
3393,0.09059906005859375
3394,0.09036064147949219
3395,0.09107589721679688
3396,0.09036064147949219
3397,0.09012222290039062
3398,0.09059906005859375
3399,0.09036064147949219
3400,0.09059906005859375
3401,0.1087188720703125
3402,0.09107589721679688
3403,0.08988380432128906
3404,0.08988380432128906
3405,0.09036064147949219
3406,0.09441375732421875
3407,0.095367431640625
3408,0.0934600830078125
3409,0.09298324584960938
3410,0.09274482727050781
3411,0.09012222290039062
3412,0.09036064147949219
3413,0.09107589721679688
3414,0.09036064147949219
3415,0.09036064147949219
3416,0.09083747863769531
3417,0.09012222290039062
3418,0.09059906005859375
3419,0.091552734375
3420,0.09059906005859375
3421,0.09036064147949219
3422,0.09036064147949219
3423,0.09131431579589844
3424,0.10895729064941406
3425,0.09369850158691406
3426,0.09369850158691406
3427,0.09369850158691406
3428,0.09369850158691406
3429,0.09417533874511719
3430,0.09036064147949219
3431,0.08726119995117188
3432,0.09083747863769531
3433,0.09107589721679688
3434,0.08606910705566406
3435,0.09107589721679688
3436,0.09083747863769531
3437,0.09083747863769531
3438,0.09059906005859375
3439,0.09036064147949219
3440,0.09012222290039062
3441,0.10824203491210938
3442,0.09036064147949219
3443,0.09059906005859375
3444,0.09036064147949219
3445,0.09298324584960938
3446,0.09369850158691406
3447,0.09441375732421875
3448,0.09369850158691406
3449,0.09298324584960938
3450,0.09083747863769531
3451,0.10967254638671875
3452,0.09131431579589844
3453,0.09012222290039062
3454,0.09107589721679688
3455,0.09036064147949219
3456,0.09012222290039062
3457,0.08988380432128906
3458,0.09131431579589844
3459,0.09131431579589844
3460,0.09036064147949219
3461,0.09012222290039062
3462,0.09059906005859375
3463,0.09107589721679688
3464,0.11563301086425781
3465,0.09369850158691406
3466,0.09393692016601562
3467,0.09441375732421875
3468,0.09560585021972656
3469,0.095367431640625
3470,0.09059906005859375
3471,0.09036064147949219
3472,0.09131431579589844
3473,0.09131431579589844
3474,0.09059906005859375
3475,0.09179115295410156
3476,0.09059906005859375
3477,0.10991096496582031
3478,0.09012222290039062
3479,0.09083747863769531
3480,0.09036064147949219
3481,0.09036064147949219
3482,0.09107589721679688
3483,0.09036064147949219
3484,0.09012222290039062
3485,0.095367431640625
3486,0.09465217590332031
3487,0.11658668518066406
3488,0.09441375732421875
3489,0.09083747863769531
3490,0.09131431579589844
3491,0.09036064147949219
3492,0.09083747863769531
3493,0.09107589721679688
3494,0.11038780212402344
3495,0.09036064147949219
3496,0.09012222290039062
3497,0.09012222290039062
3498,0.09012222290039062
3499,0.09083747863769531
3500,0.09107589721679688
3501,0.08988380432128906
3502,0.09107589721679688
3503,0.09131431579589844
3504,0.10633468627929688
3505,0.09107589721679688
3506,0.09036064147949219
3507,0.09131431579589844
3508,0.09083747863769531
3509,0.09012222290039062
3510,0.095367431640625
3511,0.06771087646484375
3512,0.064849853515625
3513,0.062465667724609375
3514,0.07748603820800781
3515,0.095367431640625
3516,0.09584426879882812
3517,0.09036064147949219
3518,0.11301040649414062
3519,0.091552734375
3520,0.09083747863769531
3521,0.09179115295410156
3522,0.09131431579589844
3523,0.09107589721679688
3524,0.09083747863769531
3525,0.09179115295410156
3526,0.09131431579589844
3527,0.09036064147949219
3528,0.08726119995117188
3529,0.09107589721679688
3530,0.09059906005859375
3531,0.09179115295410156
3532,0.1220703125
3533,0.10228157043457031
3534,0.13780593872070312
3535,0.10752677917480469
3536,0.09512901306152344
3537,0.09250640869140625
3538,0.09250640869140625
3539,0.09083747863769531
3540,0.09059906005859375
3541,0.09107589721679688
3542,0.11467933654785156
3543,0.09107589721679688
3544,0.091552734375
3545,0.10824203491210938
3546,0.09036064147949219
3547,0.09012222290039062
3548,0.09179115295410156
3549,0.09083747863769531
3550,0.09083747863769531
3551,0.09632110595703125
3552,0.09489059448242188
3553,0.09393692016601562
3554,0.09393692016601562
3555,0.11348724365234375
3556,0.09012222290039062
3557,0.08988380432128906
3558,0.1087188720703125
3559,0.09083747863769531
3560,0.09107589721679688
3561,0.09131431579589844
3562,0.09083747863769531
3563,0.09059906005859375
3564,0.091552734375
3565,0.09059906005859375
3566,0.09059906005859375
3567,0.08654594421386719
3568,0.091552734375
3569,0.091552734375
3570,0.095367431640625
3571,0.095367431640625
3572,0.09441375732421875
3573,0.09560585021972656
3574,0.09059906005859375
3575,0.08988380432128906
3576,0.09465217590332031
3577,0.09298324584960938
3578,0.11181831359863281
3579,0.09107589721679688
3580,0.09059906005859375
3581,0.091552734375
3582,0.09059906005859375
3583,0.09107589721679688
3584,0.09083747863769531
3585,0.09059906005859375
3586,0.09059906005859375
3587,0.118255615234375
3588,0.09036064147949219
3589,0.09584426879882812
3590,0.095367431640625
3591,0.09512901306152344
3592,0.09465217590332031
3593,0.09059906005859375
3594,0.09083747863769531
3595,0.09202957153320312
3596,0.09107589721679688
3597,0.09131431579589844
3598,0.11014938354492188
3599,0.09059906005859375
3600,0.09202957153320312
3601,0.091552734375
3602,0.091552734375
3603,0.09059906005859375
3604,0.09083747863769531
3605,0.09131431579589844
3606,0.09036064147949219
3607,0.09059906005859375
3608,0.11372566223144531
3609,0.095367431640625
3610,0.09489059448242188
3611,0.11467933654785156
3612,0.09131431579589844
3613,0.09131431579589844
3614,0.08988380432128906
3615,0.09059906005859375
3616,0.091552734375
3617,0.09012222290039062
3618,0.13208389282226562
3619,0.08273124694824219
3620,0.09369850158691406
3621,0.10323524475097656
3622,0.12612342834472656
3623,0.09298324584960938
3624,0.09250640869140625
3625,0.10943412780761719
3626,0.0972747802734375
3627,0.09608268737792969
3628,0.09465217590332031
3629,0.09512901306152344
3630,0.09489059448242188
3631,0.09059906005859375
3632,0.10514259338378906
3633,0.095367431640625
3634,0.09441375732421875
3635,0.09322166442871094
3636,0.10824203491210938
3637,0.09131431579589844
3638,0.09202957153320312
3639,0.09107589721679688
3640,0.09036064147949219
3641,0.09131431579589844
3642,0.09107589721679688
3643,0.09036064147949219
3644,0.0896453857421875
3645,0.09131431579589844
3646,0.11897087097167969
3647,0.095367431640625
3648,0.09679794311523438
3649,0.09608268737792969
3650,0.09608268737792969
3651,0.091552734375
3652,0.09012222290039062
3653,0.09059906005859375
3654,0.09012222290039062
3655,0.09036064147949219
3656,0.09226799011230469
3657,0.09107589721679688
3658,0.08988380432128906
3659,0.09059906005859375
3660,0.11086463928222656
3661,0.09298324584960938
3662,0.091552734375
3663,0.0934600830078125
3664,0.08726119995117188
3665,0.09560585021972656
3666,0.095367431640625
3667,0.09560585021972656
3668,0.095367431640625
3669,0.09608268737792969
3670,0.1270771026611328
3671,0.09083747863769531
3672,0.09059906005859375
3673,0.09059906005859375
3674,0.10156631469726562
3675,0.091552734375
3676,0.09131431579589844
3677,0.11205673217773438
3678,0.09083747863769531
3679,0.09059906005859375
3680,0.09059906005859375
3681,0.09131431579589844
3682,0.091552734375
3683,0.09059906005859375
3684,0.09584426879882812
3685,0.095367431640625
3686,0.09584426879882812
3687,0.09489059448242188
3688,0.095367431640625
3689,0.09083747863769531
3690,0.11277198791503906
3691,0.09131431579589844
3692,0.09131431579589844
3693,0.09059906005859375
3694,0.09059906005859375
3695,0.0896453857421875
3696,0.09083747863769531
3697,0.09036064147949219
3698,0.09059906005859375
3699,0.09131431579589844
3700,0.110626220703125
3701,0.09036064147949219
3702,0.09036064147949219
3703,0.08654594421386719
3704,0.09655952453613281
3705,0.095367431640625
3706,0.09584426879882812
3707,0.11301040649414062
3708,0.095367431640625
3709,0.09131431579589844
3710,0.09107589721679688
3711,0.09083747863769531
3712,0.09083747863769531
3713,0.09059906005859375
3714,0.09059906005859375
3715,0.09059906005859375
3716,0.09012222290039062
3717,0.10657310485839844
3718,0.09012222290039062
3719,0.09894371032714844
3720,0.10013580322265625
3721,0.12683868408203125
3722,0.095367431640625
3723,0.09632110595703125
3724,0.09036064147949219
3725,0.091552734375
3726,0.09107589721679688
3727,0.09036064147949219
3728,0.10704994201660156
3729,0.09036064147949219
3730,0.09036064147949219
3731,0.11110305786132812
3732,0.09226799011230469
3733,0.09107589721679688
3734,0.09012222290039062
3735,0.09059906005859375
3736,0.09036064147949219
3737,0.09107589721679688
3738,0.091552734375
3739,0.09465217590332031
3740,0.09489059448242188
3741,0.11730194091796875
3742,0.09584426879882812
3743,0.09560585021972656
3744,0.08988380432128906
3745,0.09202957153320312
3746,0.09012222290039062
3747,0.09107589721679688
3748,0.09059906005859375
3749,0.09083747863769531
3750,0.09059906005859375
3751,0.11014938354492188
3752,0.09107589721679688
3753,0.09012222290039062
3754,0.10895729064941406
3755,0.11420249938964844
3756,0.102996826171875
3757,0.1125335693359375
3758,0.09751319885253906
3759,0.09632110595703125
3760,0.09465217590332031
3761,0.07891654968261719
3762,0.11324882507324219
3763,0.09059906005859375
3764,0.09131431579589844
3765,0.09059906005859375
3766,0.09179115295410156
3767,0.09036064147949219
3768,0.08988380432128906
3769,0.10704994201660156
3770,0.09131431579589844
3771,0.09131431579589844
3772,0.09083747863769531
3773,0.08988380432128906
3774,0.09083747863769531
3775,0.09107589721679688
3776,0.09107589721679688
3777,0.09179115295410156
3778,0.09560585021972656
3779,0.11181831359863281
3780,0.095367431640625
3781,0.09489059448242188
3782,0.11992454528808594
3783,0.09131431579589844
3784,0.09059906005859375
3785,0.09036064147949219
3786,0.09083747863769531
3787,0.09131431579589844
3788,0.09107589721679688
3789,0.09036064147949219
3790,0.08988380432128906
3791,0.09059906005859375
3792,0.110626220703125
3793,0.09083747863769531
3794,0.09059906005859375
3795,0.10728836059570312
3796,0.09083747863769531
3797,0.09036064147949219
3798,0.09489059448242188
3799,0.09512901306152344
3800,0.09632110595703125
3801,0.09560585021972656
3802,0.11134147644042969
3803,0.091552734375
3804,0.09107589721679688
3805,0.09107589721679688
3806,0.09012222290039062
3807,0.09059906005859375
3808,0.09083747863769531
3809,0.10919570922851562
3810,0.09107589721679688
3811,0.09083747863769531
3812,0.09059906005859375
3813,0.09059906005859375
3814,0.1347064971923828
3815,0.091552734375
3816,0.06628036499023438
3817,0.06532669067382812
3818,0.064849853515625
3819,0.10919570922851562
3820,0.09202957153320312
3821,0.09560585021972656
3822,0.09608268737792969
3823,0.09679794311523438
3824,0.09036064147949219
3825,0.0896453857421875
3826,0.09012222290039062
3827,0.091552734375
3828,0.09059906005859375
3829,0.110626220703125
3830,0.09107589721679688
3831,0.09083747863769531
3832,0.09012222290039062
3833,0.08940696716308594
3834,0.09107589721679688
3835,0.09036064147949219
3836,0.08988380432128906
3837,0.08988380432128906
3838,0.09584426879882812
3839,0.11706352233886719
3840,0.09584426879882812
3841,0.095367431640625
3842,0.09489059448242188
3843,0.09059906005859375
3844,0.09179115295410156
3845,0.09107589721679688
3846,0.09036064147949219
3847,0.09059906005859375
3848,0.08869171142578125
3849,0.09083747863769531
3850,0.09083747863769531
3851,0.09059906005859375
3852,0.09107589721679688
3853,0.09036064147949219
3854,0.10156631469726562
3855,0.10275840759277344
3856,0.11920928955078125
3857,0.095367431640625
3858,0.09608268737792969
3859,0.09751319885253906
3860,0.09512901306152344
3861,0.09059906005859375
3862,0.09083747863769531
3863,0.09083747863769531
3864,0.08821487426757812
3865,0.09179115295410156
3866,0.12230873107910156
3867,0.091552734375
3868,0.091552734375
3869,0.09036064147949219
3870,0.09417533874511719
3871,0.09465217590332031
3872,0.09179115295410156
3873,0.10919570922851562
3874,0.09036064147949219
3875,0.09059906005859375
3876,0.11587142944335938
3877,0.09465217590332031
3878,0.09655952453613281
3879,0.09489059448242188
3880,0.09441375732421875
3881,0.09083747863769531
3882,0.091552734375
3883,0.09012222290039062
3884,0.09059906005859375
3885,0.08940696716308594
3886,0.10943412780761719
3887,0.09107589721679688
3888,0.09107589721679688
3889,0.09036064147949219
3890,0.09036064147949219
3891,0.09036064147949219
3892,0.09083747863769531
3893,0.09131431579589844
3894,0.09083747863769531
3895,0.09560585021972656
3896,0.1010894775390625
3897,0.09608268737792969
3898,0.09584426879882812
3899,0.11610984802246094
3900,0.08940696716308594
3901,0.09036064147949219
3902,0.09059906005859375
3903,0.09012222290039062
3904,0.08845329284667969
3905,0.09202957153320312
3906,0.09131431579589844
3907,0.09250640869140625
3908,0.09107589721679688
3909,0.09059906005859375
3910,0.09059906005859375
3911,0.08988380432128906
3912,0.09107589721679688
3913,0.091552734375
3914,0.09465217590332031
3915,0.09560585021972656
3916,0.11348724365234375
3917,0.095367431640625
3918,0.09131431579589844
3919,0.091552734375
3920,0.09036064147949219
3921,0.09179115295410156
3922,0.09012222290039062
3923,0.09083747863769531
3924,0.09059906005859375
3925,0.09036064147949219
3926,0.10371208190917969
3927,0.091552734375
3928,0.09202957153320312
3929,0.10967254638671875
3930,0.09083747863769531
3931,0.09036064147949219
3932,0.09083747863769531
3933,0.09059906005859375
3934,0.08988380432128906
3935,0.08988380432128906
3936,0.10514259338378906
3937,0.09131431579589844
3938,0.08463859558105469
3939,0.06628036499023438
3940,0.06461143493652344
3941,0.06556510925292969
3942,0.07700920104980469
3943,0.09632110595703125
3944,0.09512901306152344
3945,0.09298324584960938
3946,0.09322166442871094
3947,0.09322166442871094
3948,0.09322166442871094
3949,0.09250640869140625
3950,0.11229515075683594
3951,0.09393692016601562
3952,0.09322166442871094
3953,0.09322166442871094
3954,0.09179115295410156
3955,0.09226799011230469
3956,0.095367431640625
3957,0.09489059448242188
3958,0.09489059448242188
3959,0.09584426879882812
3960,0.09655952453613281
3961,0.09584426879882812
3962,0.09560585021972656
3963,0.091552734375
3964,0.09059906005859375
3965,0.09870529174804688
3966,0.09632110595703125
3967,0.0934600830078125
3968,0.09250640869140625
3969,0.09298324584960938
3970,0.09417533874511719
3971,0.09250640869140625
3972,0.09298324584960938
3973,0.11348724365234375
3974,0.09274482727050781
3975,0.09393692016601562
3976,0.11420249938964844
3977,0.09632110595703125
3978,0.095367431640625
3979,0.09560585021972656
3980,0.09679794311523438
3981,0.09584426879882812
3982,0.0934600830078125
3983,0.09131431579589844
3984,0.09202957153320312
3985,0.09274482727050781
3986,0.11324882507324219
3987,0.09322166442871094
3988,0.09274482727050781
3989,0.09250640869140625
3990,0.0934600830078125
3991,0.09441375732421875
3992,0.09250640869140625
3993,0.09226799011230469
3994,0.09202957153320312
3995,0.09298324584960938
3996,0.09560585021972656
3997,0.09608268737792969
3998,0.09584426879882812
3999,0.11801719665527344
4000,0.09512901306152344
4001,0.09465217590332031
4002,0.09202957153320312
4003,0.09274482727050781
4004,0.09298324584960938
4005,0.09250640869140625
4006,0.09179115295410156
4007,0.09179115295410156
4008,0.09250640869140625
4009,0.11348724365234375
4010,0.09322166442871094
4011,0.09322166442871094
4012,0.09298324584960938
4013,0.09202957153320312
4014,0.09465217590332031
4015,0.09226799011230469
4016,0.09322166442871094
4017,0.10061264038085938
4018,0.10943412780761719
4019,0.12969970703125
4020,0.11038780212402344
4021,0.10180473327636719
4022,0.09489059448242188
4023,0.09417533874511719
4024,0.09202957153320312
4025,0.09083747863769531
4026,0.1068115234375
4027,0.09107589721679688
4028,0.09179115295410156
4029,0.09202957153320312
4030,0.09083747863769531
4031,0.09226799011230469
4032,0.09250640869140625
4033,0.09131431579589844
4034,0.09202957153320312
4035,0.09512901306152344
4036,0.09393692016601562
4037,0.09489059448242188
4038,0.09369850158691406
4039,0.11467933654785156
4040,0.09083747863769531
4041,0.09131431579589844
4042,0.09083747863769531
4043,0.09179115295410156
4044,0.09059906005859375
4045,0.09131431579589844
4046,0.09179115295410156
4047,0.09107589721679688
4048,0.09131431579589844
4049,0.10776519775390625
4050,0.09107589721679688
4051,0.09179115295410156
4052,0.09179115295410156
4053,0.09107589721679688
4054,0.09489059448242188
4055,0.09465217590332031
4056,0.09393692016601562
4057,0.09322166442871094
4058,0.09202957153320312
4059,0.09226799011230469
4060,0.09107589721679688
4061,0.09179115295410156
4062,0.10991096496582031
4063,0.09226799011230469
4064,0.09179115295410156
4065,0.09107589721679688
4066,0.091552734375
4067,0.09202957153320312
4068,0.11968612670898438
4069,0.09679794311523438
4070,0.06771087646484375
4071,0.06532669067382812
4072,0.06532669067382812
4073,0.09775161743164062
4074,0.09369850158691406
4075,0.09131431579589844
4076,0.09131431579589844
4077,0.09083747863769531
4078,0.09059906005859375
4079,0.11444091796875
4080,0.09036064147949219
4081,0.09107589721679688
4082,0.09059906005859375
4083,0.08988380432128906
4084,0.0896453857421875
4085,0.09059906005859375
4086,0.09059906005859375
4087,0.08988380432128906
4088,0.0934600830078125
4089,0.0934600830078125
4090,0.09441375732421875
4091,0.09489059448242188
4092,0.11396408081054688
4093,0.08940696716308594
4094,0.08988380432128906
4095,0.09107589721679688
4096,0.09059906005859375
4097,0.08988380432128906
4098,0.09059906005859375
4099,0.09322166442871094
4100,0.09131431579589844
4101,0.09036064147949219
4102,0.11038780212402344
4103,0.091552734375
4104,0.10704994201660156
4105,0.10466575622558594
4106,0.09846687316894531
4107,0.0743865966796875
4108,0.10228157043457031
4109,0.09799003601074219
4110,0.09417533874511719
4111,0.09322166442871094
4112,0.09083747863769531
4113,0.09107589721679688
4114,0.0896453857421875
4115,0.08988380432128906
4116,0.1087188720703125
4117,0.09036064147949219
4118,0.09751319885253906
4119,0.11301040649414062
4120,0.09274482727050781
4121,0.09059906005859375
4122,0.09083747863769531
4123,0.09107589721679688
4124,0.09107589721679688
4125,0.09036064147949219
4126,0.09298324584960938
4127,0.0934600830078125
4128,0.0934600830078125
4129,0.11563301086425781
4130,0.09417533874511719
4131,0.09036064147949219
4132,0.09036064147949219
4133,0.08988380432128906
4134,0.09059906005859375
4135,0.09107589721679688
4136,0.08893013000488281
4137,0.09083747863769531
4138,0.10466575622558594
4139,0.11038780212402344
4140,0.09226799011230469
4141,0.09059906005859375
4142,0.09059906005859375
4143,0.09131431579589844
4144,0.09202957153320312
4145,0.09608268737792969
4146,0.08988380432128906
4147,0.09036064147949219
4148,0.09012222290039062
4149,0.11038780212402344
4150,0.09036064147949219
4151,0.09322166442871094
4152,0.09083747863769531
4153,0.091552734375
4154,0.09107589721679688
4155,0.091552734375
4156,0.09059906005859375
4157,0.091552734375
4158,0.09107589721679688
4159,0.10967254638671875
4160,0.09489059448242188
4161,0.09465217590332031
4162,0.09512901306152344
4163,0.09608268737792969
4164,0.09608268737792969
4165,0.08988380432128906
4166,0.09131431579589844
4167,0.09179115295410156
4168,0.09083747863769531
4169,0.11086463928222656
4170,0.09036064147949219
4171,0.09202957153320312
4172,0.09107589721679688
4173,0.09012222290039062
4174,0.08940696716308594
4175,0.09107589721679688
4176,0.09059906005859375
4177,0.09059906005859375
4178,0.09059906005859375
4179,0.11658668518066406
4180,0.09512901306152344
4181,0.09489059448242188
4182,0.11348724365234375
4183,0.09584426879882812
4184,0.09012222290039062
4185,0.09131431579589844
4186,0.08988380432128906
4187,0.09036064147949219
4188,0.09107589721679688
4189,0.10609626770019531
4190,0.09632110595703125
4191,0.09226799011230469
4192,0.09083747863769531
4193,0.09036064147949219
4194,0.09036064147949219
4195,0.09036064147949219
4196,0.10919570922851562
4197,0.091552734375
4198,0.09512901306152344
4199,0.1163482666015625
4200,0.09512901306152344
4201,0.09489059448242188
4202,0.09441375732421875
4203,0.09107589721679688
4204,0.09083747863769531
4205,0.10228157043457031
4206,0.10251998901367188
4207,0.09417533874511719
4208,0.09107589721679688
4209,0.09036064147949219
4210,0.091552734375
4211,0.09107589721679688
4212,0.09083747863769531
4213,0.09202957153320312
4214,0.09512901306152344
4215,0.09036064147949219
4216,0.09036064147949219
4217,0.09202957153320312
4218,0.09608268737792969
4219,0.09512901306152344
4220,0.09441375732421875
4221,0.09512901306152344
4222,0.095367431640625
4223,0.09250640869140625
4224,0.09036064147949219
4225,0.09059906005859375
4226,0.10943412780761719
4227,0.09059906005859375
4228,0.09036064147949219
4229,0.09107589721679688
4230,0.09059906005859375
4231,0.09059906005859375
4232,0.09083747863769531
4233,0.09059906005859375
4234,0.09036064147949219
4235,0.09107589721679688
4236,0.11229515075683594
4237,0.09083747863769531
4238,0.09584426879882812
4239,0.11706352233886719
4240,0.10180473327636719
4241,0.1220703125
4242,0.09465217590332031
4243,0.0972747802734375
4244,0.09274482727050781
4245,0.091552734375
4246,0.09059906005859375
4247,0.110626220703125
4248,0.09393692016601562
4249,0.0934600830078125
4250,0.09179115295410156
4251,0.09036064147949219
4252,0.09036064147949219
4253,0.09036064147949219
4254,0.08916854858398438
4255,0.09036064147949219
4256,0.09250640869140625
4257,0.09632110595703125
4258,0.09679794311523438
4259,0.09441375732421875
4260,0.09441375732421875
4261,0.11563301086425781
4262,0.09036064147949219
4263,0.09179115295410156
4264,0.09083747863769531
4265,0.08988380432128906
4266,0.09036064147949219
4267,0.09036064147949219
4268,0.09036064147949219
4269,0.09012222290039062
4270,0.09012222290039062
4271,0.12946128845214844
4272,0.1068115234375
4273,0.09894371032714844
4274,0.09250640869140625
4275,0.09107589721679688
4276,0.09393692016601562
4277,0.09369850158691406
4278,0.09417533874511719
4279,0.09274482727050781
4280,0.0934600830078125
4281,0.1125335693359375
4282,0.09059906005859375
4283,0.09059906005859375
4284,0.09107589721679688
4285,0.08940696716308594
4286,0.0896453857421875
4287,0.09131431579589844
4288,0.09083747863769531
4289,0.09012222290039062
4290,0.08988380432128906
4291,0.08988380432128906
4292,0.09107589721679688
4293,0.09012222290039062
4294,0.09131431579589844
4295,0.09036064147949219
4296,0.09441375732421875
4297,0.09369850158691406
4298,0.09322166442871094
4299,0.0934600830078125
4300,0.09298324584960938
4301,0.10943412780761719
4302,0.09012222290039062
4303,0.0896453857421875
4304,0.09012222290039062
4305,0.09107589721679688
4306,0.09083747863769531
4307,0.09131431579589844
4308,0.09012222290039062
4309,0.09012222290039062
4310,0.09012222290039062
4311,0.08940696716308594
4312,0.09179115295410156
4313,0.09083747863769531
4314,0.10943412780761719
4315,0.09083747863769531
4316,0.09298324584960938
4317,0.09298324584960938
4318,0.09393692016601562
4319,0.09369850158691406
4320,0.09369850158691406
4321,0.09131431579589844
4322,0.09107589721679688
4323,0.09036064147949219
4324,0.10824203491210938
4325,0.091552734375
4326,0.09012222290039062
4327,0.09083747863769531
4328,0.08988380432128906
4329,0.08988380432128906
4330,0.09012222290039062
4331,0.091552734375
4332,0.091552734375
4333,0.09012222290039062
4334,0.10967254638671875
4335,0.08940696716308594
4336,0.09369850158691406
4337,0.0934600830078125
4338,0.09441375732421875
4339,0.09393692016601562
4340,0.102996826171875
4341,0.09799003601074219
4342,0.09489059448242188
4343,0.09107589721679688
4344,0.11205673217773438
4345,0.08916854858398438
4346,0.09131431579589844
4347,0.09083747863769531
4348,0.09083747863769531
4349,0.09059906005859375
4350,0.09036064147949219
4351,0.10943412780761719
4352,0.09012222290039062
4353,0.09059906005859375
4354,0.09083747863769531
4355,0.09369850158691406
4356,0.09393692016601562
4357,0.0934600830078125
4358,0.0934600830078125
4359,0.09393692016601562
4360,0.08988380432128906
4361,0.10395050048828125
4362,0.091552734375
4363,0.08869171142578125
4364,0.09083747863769531
4365,0.09036064147949219
4366,0.09059906005859375
4367,0.09083747863769531
4368,0.11181831359863281
4369,0.08988380432128906
4370,0.09441375732421875
4371,0.09512901306152344
4372,0.0934600830078125
4373,0.0934600830078125
4374,0.0934600830078125
4375,0.08940696716308594
4376,0.0896453857421875
4377,0.09012222290039062
4378,0.08988380432128906
4379,0.09059906005859375
4380,0.09012222290039062
4381,0.09012222290039062
4382,0.09083747863769531
4383,0.09012222290039062
4384,0.09036064147949219
4385,0.09083747863769531
4386,0.09131431579589844
4387,0.09012222290039062
4388,0.11110305786132812
4389,0.08988380432128906
4390,0.09369850158691406
4391,0.09369850158691406
4392,0.09274482727050781
4393,0.0934600830078125
4394,0.09202957153320312
4395,0.0896453857421875
4396,0.09107589721679688
4397,0.09012222290039062
4398,0.110626220703125
4399,0.08988380432128906
4400,0.09083747863769531
4401,0.091552734375
4402,0.08988380432128906
4403,0.09036064147949219
4404,0.09131431579589844
4405,0.09036064147949219
4406,0.09012222290039062
4407,0.0896453857421875
4408,0.10824203491210938
4409,0.0896453857421875
4410,0.0934600830078125
4411,0.09393692016601562
4412,0.0934600830078125
4413,0.09274482727050781
4414,0.09298324584960938
4415,0.09059906005859375
4416,0.09107589721679688
4417,0.09012222290039062
4418,0.10704994201660156
4419,0.09012222290039062
4420,0.09036064147949219
4421,0.10728836059570312
4422,0.08988380432128906
4423,0.08988380432128906
4424,0.08988380432128906
4425,0.09059906005859375
4426,0.09083747863769531
4427,0.09012222290039062
4428,0.08821487426757812
4429,0.09059906005859375
4430,0.09393692016601562
4431,0.110626220703125
4432,0.09369850158691406
4433,0.09298324584960938
4434,0.09417533874511719
4435,0.09059906005859375
4436,0.09059906005859375
4437,0.09012222290039062
4438,0.09012222290039062
4439,0.091552734375
4440,0.09012222290039062
4441,0.110626220703125
4442,0.09012222290039062
4443,0.08988380432128906
4444,0.09131431579589844
4445,0.09107589721679688
4446,0.09012222290039062
4447,0.0896453857421875
4448,0.09107589721679688
4449,0.09512901306152344
4450,0.09369850158691406
4451,0.11444091796875
4452,0.09369850158691406
4453,0.09417533874511719
4454,0.0896453857421875
4455,0.09107589721679688
4456,0.09059906005859375
4457,0.09036064147949219
4458,0.09107589721679688
4459,0.09059906005859375
4460,0.09012222290039062
4461,0.11134147644042969
4462,0.09036064147949219
4463,0.08916854858398438
4464,0.09059906005859375
4465,0.09012222290039062
4466,0.09012222290039062
4467,0.09012222290039062
4468,0.09107589721679688
4469,0.09298324584960938
4470,0.09322166442871094
4471,0.11467933654785156
4472,0.09465217590332031
4473,0.09369850158691406
4474,0.09059906005859375
4475,0.08988380432128906
4476,0.09107589721679688
4477,0.09179115295410156
4478,0.08988380432128906
4479,0.09036064147949219
4480,0.09012222290039062
4481,0.11038780212402344
4482,0.09012222290039062
4483,0.09083747863769531
4484,0.09107589721679688
4485,0.09012222290039062
4486,0.09012222290039062
4487,0.08988380432128906
4488,0.10848045349121094
4489,0.0934600830078125
4490,0.09417533874511719
4491,0.11372566223144531
4492,0.0934600830078125
4493,0.08940696716308594
4494,0.0896453857421875
4495,0.09036064147949219
4496,0.09012222290039062
4497,0.09036064147949219
4498,0.09131431579589844
4499,0.09083747863769531
4500,0.09059906005859375
4501,0.10919570922851562
4502,0.09107589721679688
4503,0.10395050048828125
4504,0.09751319885253906
4505,0.08630752563476562
4506,0.10156631469726562
4507,0.09560585021972656
4508,0.09918212890625
4509,0.10371208190917969
4510,0.09799003601074219
4511,0.11587142944335938
4512,0.09250640869140625
4513,0.0762939453125
4514,0.0896453857421875
4515,0.09083747863769531
4516,0.09131431579589844
4517,0.09036064147949219
4518,0.11587142944335938
4519,0.09107589721679688
4520,0.09083747863769531
4521,0.09059906005859375
4522,0.09083747863769531
4523,0.0896453857421875
4524,0.09036064147949219
4525,0.09036064147949219
4526,0.09012222290039062
4527,0.09441375732421875
4528,0.0934600830078125
4529,0.09226799011230469
4530,0.0934600830078125
4531,0.09393692016601562
4532,0.09131431579589844
4533,0.09012222290039062
4534,0.09083747863769531
4535,0.091552734375
4536,0.09083747863769531
4537,0.08988380432128906
4538,0.11205673217773438
4539,0.09083747863769531
4540,0.09107589721679688
4541,0.09059906005859375
4542,0.08988380432128906
4543,0.09083747863769531
4544,0.08869171142578125
4545,0.08988380432128906
4546,0.091552734375
4547,0.09441375732421875
4548,0.0934600830078125
4549,0.09274482727050781
4550,0.09584426879882812
4551,0.09441375732421875
4552,0.09083747863769531
4553,0.08988380432128906
4554,0.09107589721679688
4555,0.10657310485839844
4556,0.09059906005859375
4557,0.09131431579589844
4558,0.08940696716308594
4559,0.09059906005859375
4560,0.091552734375
4561,0.09012222290039062
4562,0.08893013000488281
4563,0.09012222290039062
4564,0.09036064147949219
4565,0.10895729064941406
4566,0.09083747863769531
4567,0.0934600830078125
4568,0.09369850158691406
4569,0.09393692016601562
4570,0.09369850158691406
4571,0.09393692016601562
4572,0.0896453857421875
4573,0.09036064147949219
4574,0.08988380432128906
4575,0.08916854858398438
4576,0.09107589721679688
4577,0.09107589721679688
4578,0.09107589721679688
4579,0.09059906005859375
4580,0.09083747863769531
4581,0.09059906005859375
4582,0.10752677917480469
4583,0.09369850158691406
4584,0.09417533874511719
4585,0.11658668518066406
4586,0.09441375732421875
4587,0.09036064147949219
4588,0.09107589721679688
4589,0.09322166442871094
4590,0.10085105895996094
4591,0.09584426879882812
4592,0.10752677917480469
4593,0.09870529174804688
4594,0.09512901306152344
4595,0.091552734375
4596,0.09179115295410156
4597,0.09059906005859375
4598,0.09107589721679688
4599,0.09059906005859375
4600,0.09059906005859375
4601,0.09298324584960938
4602,0.11372566223144531
4603,0.09465217590332031
4604,0.10228157043457031
4605,0.09775161743164062
4606,0.09298324584960938
4607,0.09202957153320312
4608,0.08988380432128906
4609,0.1327991485595703
4610,0.09179115295410156
4611,0.06699562072753906
4612,0.08296966552734375
4613,0.06341934204101562
4614,0.09632110595703125
4615,0.09131431579589844
4616,0.10824203491210938
4617,0.09441375732421875
4618,0.09369850158691406
4619,0.09465217590332031
4620,0.09441375732421875
4621,0.09179115295410156
4622,0.09107589721679688
4623,0.09131431579589844
4624,0.091552734375
4625,0.09107589721679688
4626,0.10848045349121094
4627,0.09107589721679688
4628,0.09202957153320312
4629,0.09179115295410156
4630,0.09179115295410156
4631,0.09226799011230469
4632,0.09202957153320312
4633,0.10585784912109375
4634,0.09202957153320312
4635,0.09179115295410156
4636,0.09441375732421875
4637,0.09393692016601562
4638,0.09369850158691406
4639,0.09417533874511719
4640,0.09441375732421875
4641,0.09131431579589844
4642,0.09107589721679688
4643,0.10657310485839844
4644,0.09083747863769531
4645,0.09179115295410156
4646,0.09107589721679688
4647,0.09012222290039062
4648,0.09059906005859375
4649,0.09179115295410156
4650,0.09131431579589844
4651,0.09036064147949219
4652,0.09131431579589844
4653,0.11324882507324219
4654,0.09107589721679688
4655,0.09274482727050781
4656,0.09417533874511719
4657,0.09393692016601562
4658,0.09489059448242188
4659,0.09417533874511719
4660,0.09393692016601562
4661,0.09202957153320312
4662,0.10609626770019531
4663,0.11181831359863281
4664,0.09179115295410156
4665,0.09202957153320312
4666,0.09059906005859375
4667,0.09202957153320312
4668,0.09226799011230469
4669,0.09226799011230469
4670,0.09131431579589844
4671,0.091552734375
4672,0.09131431579589844
4673,0.11038780212402344
4674,0.09202957153320312
4675,0.09250640869140625
4676,0.09393692016601562
4677,0.09512901306152344
4678,0.09441375732421875
4679,0.09465217590332031
4680,0.0934600830078125
4681,0.09202957153320312
4682,0.09107589721679688
4683,0.10538101196289062
4684,0.09202957153320312
4685,0.09202957153320312
4686,0.09179115295410156
4687,0.09131431579589844
4688,0.09107589721679688
4689,0.09131431579589844
4690,0.0934600830078125
4691,0.09846687316894531
4692,0.09489059448242188
4693,0.091552734375
4694,0.10991096496582031
4695,0.09632110595703125
4696,0.09512901306152344
4697,0.09369850158691406
4698,0.09369850158691406
4699,0.0934600830078125
4700,0.09107589721679688
4701,0.091552734375
4702,0.09226799011230469
4703,0.09179115295410156
4704,0.10991096496582031
4705,0.09131431579589844
4706,0.09131431579589844
4707,0.09179115295410156
4708,0.09131431579589844
4709,0.09131431579589844
4710,0.09107589721679688
4711,0.09202957153320312
4712,0.09059906005859375
4713,0.09179115295410156
4714,0.09131431579589844
4715,0.09441375732421875
4716,0.09441375732421875
4717,0.11086463928222656
4718,0.09465217590332031
4719,0.09417533874511719
4720,0.09107589721679688
4721,0.091552734375
4722,0.09179115295410156
4723,0.09179115295410156
4724,0.10824203491210938
4725,0.10967254638671875
4726,0.09679794311523438
4727,0.09942054748535156
4728,0.10538101196289062
4729,0.09655952453613281
4730,0.09322166442871094
4731,0.10919570922851562
4732,0.09250640869140625
4733,0.09179115295410156
4734,0.110626220703125
4735,0.09417533874511719
4736,0.09417533874511719
4737,0.09608268737792969
4738,0.09679794311523438
4739,0.09107589721679688
4740,0.09131431579589844
4741,0.09131431579589844
4742,0.09131431579589844
4743,0.091552734375
4744,0.11229515075683594
4745,0.09179115295410156
4746,0.09226799011230469
4747,0.09107589721679688
4748,0.09131431579589844
4749,0.09179115295410156
4750,0.09059906005859375
4751,0.09179115295410156
4752,0.09179115295410156
4753,0.09441375732421875
4754,0.1125335693359375
4755,0.09441375732421875
4756,0.09417533874511719
4757,0.09441375732421875
4758,0.091552734375
4759,0.09107589721679688
4760,0.09131431579589844
4761,0.091552734375
4762,0.09918212890625
4763,0.09870529174804688
4764,0.12111663818359375
4765,0.09274482727050781
4766,0.09202957153320312
4767,0.10728836059570312
4768,0.09250640869140625
4769,0.09274482727050781
4770,0.09179115295410156
4771,0.0934600830078125
4772,0.095367431640625
4773,0.095367431640625
4774,0.09512901306152344
4775,0.09584426879882812
4776,0.095367431640625
4777,0.1239776611328125
4778,0.0896453857421875
4779,0.09274482727050781
4780,0.08940696716308594
4781,0.12350082397460938
4782,0.0934600830078125
4783,0.09369850158691406
4784,0.09369850158691406
4785,0.09322166442871094
4786,0.09417533874511719
4787,0.09417533874511719
4788,0.09202957153320312
4789,0.09393692016601562
4790,0.09608268737792969
4791,0.09655952453613281
4792,0.0972747802734375
4793,0.09679794311523438
4794,0.12421607971191406
4795,0.09393692016601562
4796,0.09465217590332031
4797,0.0934600830078125
4798,0.09369850158691406
4799,0.09322166442871094
4800,0.09226799011230469
4801,0.0934600830078125
4802,0.09512901306152344
4803,0.09393692016601562
4804,0.12540817260742188
4805,0.09632110595703125
4806,0.09703636169433594
4807,0.12445449829101562
4808,0.09274482727050781
4809,0.09322166442871094
4810,0.09417533874511719
4811,0.0934600830078125
4812,0.09298324584960938
4813,0.09274482727050781
4814,0.09393692016601562
4815,0.09417533874511719
4816,0.09369850158691406
4817,0.0934600830078125
4818,0.0934600830078125
4819,0.09369850158691406
4820,0.11873245239257812
4821,0.0934600830078125
4822,0.09584426879882812
4823,0.11920928955078125
4824,0.09799003601074219
4825,0.09775161743164062
4826,0.10228157043457031
4827,0.095367431640625
4828,0.09250640869140625
4829,0.09202957153320312
4830,0.11110305786132812
4831,0.09226799011230469
4832,0.09274482727050781
4833,0.09322166442871094
4834,0.09369850158691406
4835,0.0934600830078125
4836,0.09202957153320312
4837,0.0934600830078125
4838,0.0934600830078125
4839,0.09202957153320312
4840,0.09012222290039062
4841,0.09679794311523438
4842,0.09989738464355469
4843,0.09560585021972656
4844,0.09465217590332031
4845,0.09298324584960938
4846,0.09369850158691406
4847,0.0934600830078125
4848,0.09369850158691406
4849,0.09322166442871094
4850,0.11706352233886719
4851,0.09393692016601562
4852,0.09322166442871094
4853,0.09226799011230469
4854,0.09226799011230469
4855,0.09322166442871094
4856,0.09322166442871094
4857,0.09298324584960938
4858,0.0934600830078125
4859,0.09131431579589844
4860,0.09489059448242188
4861,0.09489059448242188
4862,0.09560585021972656
4863,0.11205673217773438
4864,0.09560585021972656
4865,0.0934600830078125
4866,0.0934600830078125
4867,0.10728836059570312
4868,0.09298324584960938
4869,0.09298324584960938
4870,0.09250640869140625
4871,0.09369850158691406
4872,0.09441375732421875
4873,0.09298324584960938
4874,0.0934600830078125
4875,0.09322166442871094
4876,0.09298324584960938
4877,0.09274482727050781
4878,0.09298324584960938
4879,0.09584426879882812
4880,0.11801719665527344
4881,0.09465217590332031
4882,0.09608268737792969
4883,0.11110305786132812
4884,0.09274482727050781
4885,0.09202957153320312
4886,0.09179115295410156
4887,0.09250640869140625
4888,0.09202957153320312
4889,0.09202957153320312
4890,0.13756752014160156
4891,0.09322166442871094
4892,0.0934600830078125
4893,0.11157989501953125
4894,0.09369850158691406
4895,0.09179115295410156
4896,0.09322166442871094
4897,0.09918212890625
4898,0.09560585021972656
4899,0.09608268737792969
4900,0.095367431640625
4901,0.09584426879882812
4902,0.11777877807617188
4903,0.11944770812988281
4904,0.06866455078125
4905,0.064849853515625
4906,0.06461143493652344
4907,0.09751319885253906
4908,0.095367431640625
4909,0.09202957153320312
4910,0.091552734375
4911,0.091552734375
4912,0.09083747863769531
4913,0.09012222290039062
4914,0.09012222290039062
4915,0.09107589721679688
4916,0.09179115295410156
4917,0.08988380432128906
4918,0.09036064147949219
4919,0.09036064147949219
4920,0.11134147644042969
4921,0.09083747863769531
4922,0.09083747863769531
4923,0.09584426879882812
4924,0.095367431640625
4925,0.09584426879882812
4926,0.09489059448242188
4927,0.09012222290039062
4928,0.09179115295410156
4929,0.09107589721679688
4930,0.0896453857421875
4931,0.08988380432128906
4932,0.09107589721679688
4933,0.11396408081054688
4934,0.09083747863769531
4935,0.09012222290039062
4936,0.10728836059570312
4937,0.09131431579589844
4938,0.09083747863769531
4939,0.09202957153320312
4940,0.09059906005859375
4941,0.09465217590332031
4942,0.09512901306152344
4943,0.0934600830078125
4944,0.095367431640625
4945,0.091552734375
4946,0.10609626770019531
4947,0.09131431579589844
4948,0.09202957153320312
4949,0.09059906005859375
4950,0.09131431579589844
4951,0.08988380432128906
4952,0.09107589721679688
4953,0.09083747863769531
4954,0.09131431579589844
4955,0.09179115295410156
4956,0.11205673217773438
4957,0.09012222290039062
4958,0.09179115295410156
4959,0.09608268737792969
4960,0.09512901306152344
4961,0.095367431640625
4962,0.09489059448242188
4963,0.09083747863769531
4964,0.09036064147949219
4965,0.09107589721679688
4966,0.09012222290039062
4967,0.08988380432128906
4968,0.09012222290039062
4969,0.11515617370605469
4970,0.09131431579589844
4971,0.08988380432128906
4972,0.09036064147949219
4973,0.09107589721679688
4974,0.09059906005859375
4975,0.09131431579589844
4976,0.09059906005859375
4977,0.09489059448242188
4978,0.09584426879882812
4979,0.09560585021972656
4980,0.09512901306152344
4981,0.09465217590332031
4982,0.09107589721679688
4983,0.091552734375
4984,0.09131431579589844
4985,0.09107589721679688
4986,0.10967254638671875
4987,0.09083747863769531
4988,0.09489059448242188
4989,0.10538101196289062
4990,0.09870529174804688
4991,0.06699562072753906
4992,0.06723403930664062
4993,0.09107589721679688
4994,0.09202957153320312
4995,0.091552734375
4996,0.09012222290039062
4997,0.11706352233886719
4998,0.09560585021972656
4999,0.09512901306152344
5000,0.09369850158691406
5001,0.09512901306152344
5002,0.09012222290039062
5003,0.09012222290039062
5004,0.09083747863769531
5005,0.09107589721679688
5006,0.09036064147949219
5007,0.11277198791503906
5008,0.09059906005859375
5009,0.09036064147949219
5010,0.09059906005859375
5011,0.09179115295410156
5012,0.09250640869140625
5013,0.09298324584960938
5014,0.11038780212402344
5015,0.09560585021972656
5016,0.09512901306152344
5017,0.09179115295410156
5018,0.09083747863769531
5019,0.09036064147949219
5020,0.09107589721679688
5021,0.09107589721679688
5022,0.09083747863769531
5023,0.09012222290039062
5024,0.10991096496582031
5025,0.09179115295410156
5026,0.09059906005859375
5027,0.09107589721679688
5028,0.08988380432128906
5029,0.091552734375
5030,0.09179115295410156
5031,0.09226799011230469
5032,0.09489059448242188
5033,0.09441375732421875
5034,0.118255615234375
5035,0.09489059448242188
5036,0.08940696716308594
5037,0.09083747863769531
5038,0.09107589721679688
5039,0.09036064147949219
5040,0.08988380432128906
5041,0.091552734375
5042,0.09059906005859375
5043,0.09036064147949219
5044,0.11038780212402344
5045,0.09036064147949219
5046,0.09131431579589844
5047,0.09083747863769531
5048,0.09036064147949219
5049,0.09083747863769531
5050,0.09107589721679688
5051,0.09560585021972656
5052,0.09584426879882812
5053,0.09512901306152344
5054,0.09417533874511719
5055,0.09059906005859375
5056,0.09012222290039062
5057,0.11348724365234375
5058,0.09107589721679688
5059,0.0896453857421875
5060,0.09059906005859375
5061,0.09083747863769531
5062,0.09059906005859375
5063,0.091552734375
5064,0.0896453857421875
5065,0.09012222290039062
5066,0.09059906005859375
5067,0.11181831359863281
5068,0.08988380432128906
5069,0.08916854858398438
5070,0.095367431640625
5071,0.09489059448242188
5072,0.095367431640625
5073,0.09655952453613281
5074,0.09489059448242188
5075,0.10561943054199219
5076,0.09822845458984375
5077,0.07653236389160156
5078,0.10037422180175781
5079,0.09632110595703125
5080,0.091552734375
5081,0.09083747863769531
5082,0.09059906005859375
5083,0.09107589721679688
5084,0.1087188720703125
5085,0.09059906005859375
5086,0.09036064147949219
5087,0.09083747863769531
5088,0.09036064147949219
5089,0.09703636169433594
5090,0.1010894775390625
5091,0.13208389282226562
5092,0.09584426879882812
5093,0.080108642578125
5094,0.09059906005859375
5095,0.09107589721679688
5096,0.09083747863769531
5097,0.09179115295410156
5098,0.09036064147949219
5099,0.08916854858398438
5100,0.08988380432128906
5101,0.11086463928222656
5102,0.08988380432128906
5103,0.091552734375
5104,0.09107589721679688
5105,0.09036064147949219
5106,0.09083747863769531
5107,0.09107589721679688
5108,0.09083747863769531
5109,0.09560585021972656
5110,0.09584426879882812
5111,0.11777877807617188
5112,0.09441375732421875
5113,0.09465217590332031
5114,0.09012222290039062
5115,0.09036064147949219
5116,0.09107589721679688
5117,0.08988380432128906
5118,0.091552734375
5119,0.09083747863769531
5120,0.09083747863769531
5121,0.11301040649414062
5122,0.0896453857421875
5123,0.09083747863769531
5124,0.09083747863769531
5125,0.09012222290039062
5126,0.09036064147949219
5127,0.09059906005859375
5128,0.095367431640625
5129,0.09441375732421875
5130,0.09369850158691406
5131,0.11444091796875
5132,0.09489059448242188
5133,0.09775161743164062
5134,0.09393692016601562
5135,0.09107589721679688
5136,0.09131431579589844
5137,0.091552734375
5138,0.09107589721679688
5139,0.09083747863769531
5140,0.09083747863769531
5141,0.09107589721679688
5142,0.09202957153320312
5143,0.09179115295410156
5144,0.09083747863769531
5145,0.09059906005859375
5146,0.09179115295410156
5147,0.11301040649414062
5148,0.08988380432128906
5149,0.09489059448242188
5150,0.09417533874511719
5151,0.09274482727050781
5152,0.09393692016601562
5153,0.09369850158691406
5154,0.09179115295410156
5155,0.09107589721679688
5156,0.08940696716308594
5157,0.09107589721679688
5158,0.091552734375
5159,0.09059906005859375
5160,0.10991096496582031
5161,0.09083747863769531
5162,0.09083747863769531
5163,0.091552734375
5164,0.12087821960449219
5165,0.09036064147949219
5166,0.09036064147949219
5167,0.10704994201660156
5168,0.0934600830078125
5169,0.09274482727050781
5170,0.10132789611816406
5171,0.09465217590332031
5172,0.09369850158691406
5173,0.09012222290039062
5174,0.09131431579589844
5175,0.09107589721679688
5176,0.08606910705566406
5177,0.13446807861328125
5178,0.059604644775390625
5179,0.09083747863769531
5180,0.08988380432128906
5181,0.09059906005859375
5182,0.09036064147949219
5183,0.09036064147949219
5184,0.09083747863769531
5185,0.09036064147949219
5186,0.09107589721679688
5187,0.0934600830078125
5188,0.09298324584960938
5189,0.09441375732421875
5190,0.09393692016601562
5191,0.09369850158691406
5192,0.0896453857421875
5193,0.09036064147949219
5194,0.09059906005859375
5195,0.09036064147949219
5196,0.0896453857421875
5197,0.09012222290039062
5198,0.08988380432128906
5199,0.09083747863769531
5200,0.087738037109375
5201,0.10943412780761719
5202,0.08988380432128906
5203,0.09012222290039062
5204,0.09059906005859375
5205,0.08988380432128906
5206,0.09250640869140625
5207,0.09369850158691406
5208,0.09226799011230469
5209,0.09369850158691406
5210,0.09632110595703125
5211,0.09679794311523438
5212,0.11658668518066406
5213,0.1087188720703125
5214,0.09942054748535156
5215,0.0934600830078125
5216,0.091552734375
5217,0.09059906005859375
5218,0.09131431579589844
5219,0.11038780212402344
5220,0.08702278137207031
5221,0.09632110595703125
5222,0.09465217590332031
5223,0.09441375732421875
5224,0.09632110595703125
5225,0.09322166442871094
5226,0.09083747863769531
5227,0.09131431579589844
5228,0.09036064147949219
5229,0.09036064147949219
5230,0.10561943054199219
5231,0.09012222290039062
5232,0.08893013000488281
5233,0.091552734375
5234,0.091552734375
5235,0.09059906005859375
5236,0.09036064147949219
5237,0.09012222290039062
5238,0.09131431579589844
5239,0.11539459228515625
5240,0.09417533874511719
5241,0.09441375732421875
5242,0.09512901306152344
5243,0.09512901306152344
5244,0.09226799011230469
5245,0.08988380432128906
5246,0.09059906005859375
5247,0.09059906005859375
5248,0.09083747863769531
5249,0.09012222290039062
5250,0.09107589721679688
5251,0.09059906005859375
5252,0.10967254638671875
5253,0.08988380432128906
5254,0.09083747863769531
5255,0.09131431579589844
5256,0.09036064147949219
5257,0.09036064147949219
5258,0.08678436279296875
5259,0.1163482666015625
5260,0.09489059448242188
5261,0.09489059448242188
5262,0.11157989501953125
5263,0.09465217590332031
5264,0.09131431579589844
5265,0.09083747863769531
5266,0.09059906005859375
5267,0.09131431579589844
5268,0.09059906005859375
5269,0.11301040649414062
5270,0.09059906005859375
5271,0.09012222290039062
5272,0.09179115295410156
5273,0.09036064147949219
5274,0.08988380432128906
5275,0.09012222290039062
5276,0.0896453857421875
5277,0.09083747863769531
5278,0.11706352233886719
5279,0.11801719665527344
5280,0.09465217590332031
5281,0.095367431640625
5282,0.095367431640625
5283,0.09489059448242188
5284,0.09036064147949219
5285,0.0896453857421875
5286,0.10967254638671875
5287,0.09107589721679688
5288,0.09012222290039062
5289,0.09059906005859375
5290,0.09036064147949219
5291,0.09036064147949219
5292,0.09083747863769531
5293,0.09036064147949219
5294,0.09107589721679688
5295,0.091552734375
5296,0.1068115234375
5297,0.09083747863769531
5298,0.09131431579589844
5299,0.09632110595703125
5300,0.095367431640625
5301,0.09489059448242188
5302,0.09489059448242188
5303,0.09322166442871094
5304,0.09059906005859375
5305,0.09036064147949219
5306,0.10752677917480469
5307,0.09131431579589844
5308,0.09059906005859375
5309,0.09059906005859375
5310,0.09036064147949219
5311,0.09441375732421875
5312,0.09679794311523438
5313,0.09441375732421875
5314,0.09107589721679688
5315,0.09083747863769531
5316,0.10919570922851562
5317,0.09131431579589844
5318,0.09512901306152344
5319,0.09417533874511719
5320,0.09560585021972656
5321,0.09584426879882812
5322,0.09417533874511719
5323,0.09202957153320312
5324,0.09059906005859375
5325,0.08988380432128906
5326,0.08940696716308594
5327,0.09059906005859375
5328,0.09059906005859375
5329,0.110626220703125
5330,0.0896453857421875
5331,0.091552734375
5332,0.09012222290039062
5333,0.09131431579589844
5334,0.08678436279296875
5335,0.09059906005859375
5336,0.10991096496582031
5337,0.09012222290039062
5338,0.09679794311523438
5339,0.09560585021972656
5340,0.09441375732421875
5341,0.09584426879882812
5342,0.09560585021972656
5343,0.09059906005859375
5344,0.09012222290039062
5345,0.08988380432128906
5346,0.09107589721679688
5347,0.09131431579589844
5348,0.09083747863769531
5349,0.110626220703125
5350,0.09083747863769531
5351,0.09059906005859375
5352,0.11515617370605469
5353,0.08988380432128906
5354,0.09059906005859375
5355,0.09036064147949219
5356,0.09012222290039062
5357,0.09083747863769531
5358,0.09441375732421875
5359,0.095367431640625
5360,0.09512901306152344
5361,0.09584426879882812
5362,0.11420249938964844
5363,0.09083747863769531
5364,0.09131431579589844
5365,0.09036064147949219
5366,0.08988380432128906
5367,0.0896453857421875
5368,0.09107589721679688
5369,0.09059906005859375
5370,0.09059906005859375
5371,0.09083747863769531
5372,0.11134147644042969
5373,0.09083747863769531
5374,0.09202957153320312
5375,0.09131431579589844
5376,0.09036064147949219
5377,0.09465217590332031
5378,0.09512901306152344
5379,0.095367431640625
5380,0.09512901306152344
5381,0.095367431640625
5382,0.11014938354492188
5383,0.09179115295410156
5384,0.09107589721679688
5385,0.09059906005859375
5386,0.09083747863769531
5387,0.09083747863769531
5388,0.09226799011230469
5389,0.09179115295410156
5390,0.09107589721679688
5391,0.09179115295410156
5392,0.11467933654785156
5393,0.09083747863769531
5394,0.09107589721679688
5395,0.091552734375
5396,0.09059906005859375
5397,0.09489059448242188
5398,0.09465217590332031
5399,0.09584426879882812
5400,0.09512901306152344
5401,0.095367431640625
5402,0.11086463928222656
5403,0.09131431579589844
5404,0.09036064147949219
5405,0.09012222290039062
5406,0.09059906005859375
5407,0.09131431579589844
5408,0.09226799011230469
5409,0.09059906005859375
5410,0.09059906005859375
5411,0.09083747863769531
5412,0.11324882507324219
5413,0.09179115295410156
5414,0.09107589721679688
5415,0.09083747863769531
5416,0.09012222290039062
5417,0.095367431640625
5418,0.09441375732421875
5419,0.09393692016601562
5420,0.09512901306152344
5421,0.09489059448242188
5422,0.11038780212402344
5423,0.09012222290039062
5424,0.09059906005859375
5425,0.09417533874511719
5426,0.09131431579589844
5427,0.09131431579589844
5428,0.09202957153320312
5429,0.09131431579589844
5430,0.09250640869140625
5431,0.09226799011230469
5432,0.09226799011230469
5433,0.09107589721679688
5434,0.09059906005859375
5435,0.09036064147949219
5436,0.09059906005859375
5437,0.09417533874511719
5438,0.09465217590332031
5439,0.09417533874511719
5440,0.09441375732421875
5441,0.091552734375
5442,0.11086463928222656
5443,0.09083747863769531
5444,0.09083747863769531
5445,0.091552734375
5446,0.09274482727050781
5447,0.09012222290039062
5448,0.091552734375
5449,0.09131431579589844
5450,0.09131431579589844
5451,0.09107589721679688
5452,0.09417533874511719
5453,0.09512901306152344
5454,0.09417533874511719
5455,0.11515617370605469
5456,0.09393692016601562
5457,0.09083747863769531
5458,0.15807151794433594
5459,0.09298324584960938
5460,0.06628036499023438
5461,0.06556510925292969
5462,0.06341934204101562
5463,0.07939338684082031
5464,0.09250640869140625
5465,0.09751319885253906
5466,0.09274482727050781
5467,0.09489059448242188
5468,0.09417533874511719
5469,0.09441375732421875
5470,0.09441375732421875
5471,0.09417533874511719
5472,0.10943412780761719
5473,0.09226799011230469
5474,0.10347366333007812
5475,0.09918212890625
5476,0.09679794311523438
5477,0.10371208190917969
5478,0.09560585021972656
5479,0.11348724365234375
5480,0.09298324584960938
5481,0.09202957153320312
5482,0.09226799011230469
5483,0.091552734375
5484,0.09226799011230469
5485,0.09202957153320312
5486,0.09107589721679688
5487,0.09369850158691406
5488,0.09393692016601562
5489,0.11873245239257812
5490,0.09489059448242188
5491,0.09489059448242188
5492,0.09131431579589844
5493,0.09131431579589844
5494,0.09083747863769531
5495,0.09059906005859375
5496,0.091552734375
5497,0.09202957153320312
5498,0.09179115295410156
5499,0.11420249938964844
5500,0.091552734375
5501,0.091552734375
5502,0.09083747863769531
5503,0.09083747863769531
5504,0.09179115295410156
5505,0.091552734375
5506,0.09131431579589844
5507,0.09512901306152344
5508,0.0934600830078125
5509,0.09226799011230469
5510,0.09417533874511719
5511,0.09441375732421875
5512,0.11205673217773438
5513,0.09250640869140625
5514,0.09202957153320312
5515,0.09298324584960938
5516,0.09083747863769531
5517,0.091552734375
5518,0.09369850158691406
5519,0.09250640869140625
5520,0.09036064147949219
5521,0.09107589721679688
5522,0.11229515075683594
5523,0.09131431579589844
5524,0.091552734375
5525,0.09059906005859375
5526,0.09369850158691406
5527,0.09369850158691406
5528,0.09369850158691406
5529,0.09465217590332031
5530,0.09441375732421875
5531,0.09107589721679688
5532,0.11157989501953125
5533,0.09179115295410156
5534,0.09131431579589844
5535,0.09131431579589844
5536,0.09131431579589844
5537,0.09083747863769531
5538,0.09012222290039062
5539,0.091552734375
5540,0.09083747863769531
5541,0.091552734375
5542,0.09059906005859375
5543,0.09012222290039062
5544,0.09179115295410156
5545,0.10800361633300781
5546,0.09441375732421875
5547,0.0934600830078125
5548,0.09369850158691406
5549,0.09369850158691406
5550,0.09465217590332031
5551,0.09131431579589844
5552,0.091552734375
5553,0.09059906005859375
5554,0.09059906005859375
5555,0.11229515075683594
5556,0.09322166442871094
5557,0.09083747863769531
5558,0.09036064147949219
5559,0.09083747863769531
5560,0.09989738464355469
5561,0.10561943054199219
5562,0.11587142944335938
5563,0.1087188720703125
5564,0.10609626770019531
5565,0.10156631469726562
5566,0.09870529174804688
5567,0.09799003601074219
5568,0.09822845458984375
5569,0.09799003601074219
5570,0.095367431640625
5571,0.09608268737792969
5572,0.12278556823730469
5573,0.09465217590332031
5574,0.10085105895996094
5575,0.08940696716308594
5576,0.09799003601074219
5577,0.09679794311523438
5578,0.09489059448242188
5579,0.09775161743164062
5580,0.09465217590332031
5581,0.09512901306152344
5582,0.12350082397460938
5583,0.09465217590332031
5584,0.09584426879882812
5585,0.09775161743164062
5586,0.09846687316894531
5587,0.09846687316894531
5588,0.09775161743164062
5589,0.0972747802734375
5590,0.09417533874511719
5591,0.09632110595703125
5592,0.09512901306152344
5593,0.09512901306152344
5594,0.095367431640625
5595,0.09489059448242188
5596,0.09465217590332031
5597,0.09489059448242188
5598,0.12302398681640625
5599,0.09560585021972656
5600,0.09512901306152344
5601,0.09655952453613281
5602,0.09465217590332031
5603,0.09512901306152344
5604,0.09608268737792969
5605,0.09894371032714844
5606,0.09870529174804688
5607,0.0972747802734375
5608,0.09751319885253906
5609,0.09846687316894531
5610,0.09489059448242188
5611,0.12087821960449219
5612,0.09512901306152344
5613,0.09322166442871094
5614,0.11348724365234375
5615,0.09250640869140625
5616,0.09441375732421875
5617,0.09465217590332031
5618,0.09512901306152344
5619,0.09512901306152344
5620,0.09441375732421875
5621,0.09465217590332031
5622,0.09417533874511719
5623,0.09465217590332031
5624,0.12326240539550781
5625,0.09703636169433594
5626,0.09751319885253906
5627,0.12421607971191406
5628,0.09846687316894531
5629,0.09679794311523438
5630,0.09465217590332031
5631,0.095367431640625
5632,0.091552734375
5633,0.09465217590332031
5634,0.1201629638671875
5635,0.09489059448242188
5636,0.09417533874511719
5637,0.09560585021972656
5638,0.09489059448242188
5639,0.09393692016601562
5640,0.0934600830078125
5641,0.0934600830078125
5642,0.09441375732421875
5643,0.09465217590332031
5644,0.09512901306152344
5645,0.0972747802734375
5646,0.09775161743164062
5647,0.1277923583984375
5648,0.09751319885253906
5649,0.09822845458984375
5650,0.12040138244628906
5651,0.09512901306152344
5652,0.09202957153320312
5653,0.09584426879882812
5654,0.09560585021972656
5655,0.09465217590332031
5656,0.09512901306152344
5657,0.0934600830078125
5658,0.09512901306152344
5659,0.09489059448242188
5660,0.11897087097167969
5661,0.133514404296875
5662,0.10943412780761719
5663,0.1010894775390625
5664,0.09989738464355469
5665,0.09393692016601562
5666,0.09560585021972656
5667,0.09441375732421875
5668,0.09465217590332031
5669,0.09608268737792969
5670,0.09489059448242188
5671,0.095367431640625
5672,0.09441375732421875
5673,0.09417533874511719
5674,0.09512901306152344
5675,0.09584426879882812
5676,0.09560585021972656
5677,0.12350082397460938
5678,0.09465217590332031
5679,0.095367431640625
5680,0.12135505676269531
5681,0.09822845458984375
5682,0.0972747802734375
5683,0.09799003601074219
5684,0.09751319885253906
5685,0.095367431640625
5686,0.09608268737792969
5687,0.095367431640625
5688,0.09512901306152344
5689,0.09465217590332031
5690,0.09441375732421875
5691,0.09441375732421875
5692,0.09560585021972656
5693,0.12183189392089844
5694,0.09608268737792969
5695,0.09632110595703125
5696,0.1068115234375
5697,0.10371208190917969
5698,0.10704994201660156
5699,0.10800361633300781
5700,0.15401840209960938
5701,0.09822845458984375
5702,0.06937980651855469
5703,0.06604194641113281
5704,0.06556510925292969
5705,0.08463859558105469
5706,0.09369850158691406
5707,0.095367431640625
5708,0.09584426879882812
5709,0.09584426879882812
5710,0.09775161743164062
5711,0.09751319885253906
5712,0.09298324584960938
5713,0.09179115295410156
5714,0.09417533874511719
5715,0.09250640869140625
5716,0.09298324584960938
5717,0.06651878356933594
5718,0.09465217590332031
5719,0.09274482727050781
5720,0.09274482727050781
5721,0.11420249938964844
5722,0.09250640869140625
5723,0.09512901306152344
5724,0.09322166442871094
5725,0.09274482727050781
5726,0.0934600830078125
5727,0.09822845458984375
5728,0.0972747802734375
5729,0.09703636169433594
5730,0.09751319885253906
5731,0.09918212890625
5732,0.07534027099609375
5733,0.0934600830078125
5734,0.09417533874511719
5735,0.09202957153320312
5736,0.09298324584960938
5737,0.09202957153320312
5738,0.09322166442871094
5739,0.09226799011230469
5740,0.0934600830078125
5741,0.12254714965820312
5742,0.09202957153320312
5743,0.09250640869140625
5744,0.09274482727050781
5745,0.09298324584960938
5746,0.09298324584960938
5747,0.09894371032714844
5748,0.0972747802734375
5749,0.09560585021972656
5750,0.09846687316894531
5751,0.12683868408203125
5752,0.09369850158691406
5753,0.09298324584960938
5754,0.09322166442871094
5755,0.09298324584960938
5756,0.09298324584960938
5757,0.09226799011230469
5758,0.09226799011230469
5759,0.09226799011230469
5760,0.09274482727050781
5761,0.10466575622558594
5762,0.09298324584960938
5763,0.09226799011230469
5764,0.11420249938964844
5765,0.11444091796875
5766,0.09775161743164062
5767,0.09632110595703125
5768,0.09584426879882812
5769,0.09608268737792969
5770,0.095367431640625
5771,0.09226799011230469
5772,0.09274482727050781
5773,0.09298324584960938
5774,0.09179115295410156
5775,0.09083747863769531
5776,0.09107589721679688
5777,0.11992454528808594
5778,0.091552734375
5779,0.09179115295410156
5780,0.11944770812988281
5781,0.09131431579589844
5782,0.09083747863769531
5783,0.09369850158691406
5784,0.091552734375
5785,0.09250640869140625
5786,0.095367431640625
5787,0.09465217590332031
5788,0.09465217590332031
5789,0.09441375732421875
5790,0.11849403381347656
5791,0.09083747863769531
5792,0.09083747863769531
5793,0.09107589721679688
5794,0.09131431579589844
5795,0.09202957153320312
5796,0.09369850158691406
5797,0.07772445678710938
5798,0.09655952453613281
5799,0.09369850158691406
5800,0.09179115295410156
5801,0.09179115295410156
5802,0.091552734375
5803,0.09489059448242188
5804,0.0934600830078125
5805,0.09560585021972656
5806,0.095367431640625
5807,0.12969970703125
5808,0.09608268737792969
5809,0.091552734375
5810,0.09059906005859375
5811,0.09131431579589844
5812,0.09179115295410156
5813,0.091552734375
5814,0.1316070556640625
